run_dir,horizon,NSE_median_well,RMSE_median_well
GRU_FCOV_gru_ablation_revin_scheduler_t001_seed40_full_merged,1,0.9796907056242274,0.02431759497557954
GRU_FCOV_gru_ablation_revin_scheduler_t001_seed40_full_merged,2,0.9573357525558595,0.035531818420735044
GRU_FCOV_gru_ablation_revin_scheduler_t001_seed40_full_merged,3,0.936058200728375,0.0442563429476188
GRU_FCOV_gru_ablation_revin_scheduler_t001_seed40_full_merged,4,0.9149074035099453,0.05088523786610513
GRU_FCOV_gru_ablation_revin_scheduler_t001_seed40_full_merged,5,0.8944096959024139,0.05720911276927615
GRU_FCOV_gru_ablation_revin_scheduler_t001_seed40_full_merged,6,0.8751312331239889,0.06192454453749388
GRU_FCOV_gru_ablation_revin_scheduler_t001_seed40_full_merged,7,0.85653397616247,0.06694141838022293
GRU_FCOV_gru_ablation_revin_scheduler_t001_seed40_full_merged,8,0.8379860324930706,0.07149965415949834
GRU_FCOV_gru_ablation_revin_scheduler_t001_seed40_full_merged,9,0.8206365437346212,0.07586823343604779
GRU_FCOV_gru_ablation_revin_scheduler_t001_seed40_full_merged,10,0.8045880917216457,0.0797318361622432
GRU_FCOV_gru_ablation_revin_scheduler_t001_seed40_full_merged,11,0.7873347199257976,0.08298750504559013
GRU_FCOV_gru_ablation_revin_scheduler_t001_seed40_full_merged,12,0.7719285119556692,0.0866479134437513
GRU_FCOV_gru_ablation_revin_scheduler_t001_seed40_full_merged,13,0.7578872992152759,0.0896400688711953
GRU_FCOV_gru_ablation_revin_scheduler_t001_seed40_full_merged,14,0.7448558866734356,0.09262563754458569
GRU_FCOV_gru_ablation_revin_scheduler_t001_seed40_full_merged,15,0.7338471591204005,0.09487232398779957
GRU_FCOV_gru_ablation_revin_scheduler_t001_seed40_full_merged,16,0.7216758550806841,0.09687880655141329
GRU_FCOV_gru_ablation_revin_scheduler_t002_seed40_full_merged,1,0.9734052889056549,0.026965510848574573
GRU_FCOV_gru_ablation_revin_scheduler_t002_seed40_full_merged,2,0.951619065422198,0.03783157047693337
GRU_FCOV_gru_ablation_revin_scheduler_t002_seed40_full_merged,3,0.9310249412230542,0.045583422530104535
GRU_FCOV_gru_ablation_revin_scheduler_t002_seed40_full_merged,4,0.9127771672350883,0.0515696803627362
GRU_FCOV_gru_ablation_revin_scheduler_t002_seed40_full_merged,5,0.8952733510675883,0.05750314554262206
GRU_FCOV_gru_ablation_revin_scheduler_t002_seed40_full_merged,6,0.8797734293503322,0.062065843426412734
GRU_FCOV_gru_ablation_revin_scheduler_t002_seed40_full_merged,7,0.8638835593355085,0.0656545905522915
GRU_FCOV_gru_ablation_revin_scheduler_t002_seed40_full_merged,8,0.8505030131040294,0.06929668888955988
GRU_FCOV_gru_ablation_revin_scheduler_t002_seed40_full_merged,9,0.8355285721840976,0.07253447300470015
GRU_FCOV_gru_ablation_revin_scheduler_t002_seed40_full_merged,10,0.8219428921917346,0.07557732925223339
GRU_FCOV_gru_ablation_revin_scheduler_t002_seed40_full_merged,11,0.8096289967725854,0.07907582627360643
GRU_FCOV_gru_ablation_revin_scheduler_t002_seed40_full_merged,12,0.7991366410871756,0.08183510588923615
GRU_FCOV_gru_ablation_revin_scheduler_t002_seed40_full_merged,13,0.7904121003211634,0.0845366397278802
GRU_FCOV_gru_ablation_revin_scheduler_t002_seed40_full_merged,14,0.780856401472646,0.0869346813485346
GRU_FCOV_gru_ablation_revin_scheduler_t002_seed40_full_merged,15,0.7741162710956349,0.08916460798236925
GRU_FCOV_gru_ablation_revin_scheduler_t002_seed40_full_merged,16,0.7618427168939582,0.09141914176137032
GRU_FCOV_gru_ablation_revin_scheduler_t003_seed40_full_merged,1,0.9796907056242274,0.02431759497557954
GRU_FCOV_gru_ablation_revin_scheduler_t003_seed40_full_merged,2,0.9573357525558595,0.035531818420735044
GRU_FCOV_gru_ablation_revin_scheduler_t003_seed40_full_merged,3,0.936058200728375,0.0442563429476188
GRU_FCOV_gru_ablation_revin_scheduler_t003_seed40_full_merged,4,0.9149074035099453,0.05088523786610513
GRU_FCOV_gru_ablation_revin_scheduler_t003_seed40_full_merged,5,0.8944096959024139,0.05720911276927615
GRU_FCOV_gru_ablation_revin_scheduler_t003_seed40_full_merged,6,0.8751312331239889,0.06192454453749388
GRU_FCOV_gru_ablation_revin_scheduler_t003_seed40_full_merged,7,0.85653397616247,0.06694141838022293
GRU_FCOV_gru_ablation_revin_scheduler_t003_seed40_full_merged,8,0.8379860324930706,0.07149965415949834
GRU_FCOV_gru_ablation_revin_scheduler_t003_seed40_full_merged,9,0.8206365437346212,0.07586823343604779
GRU_FCOV_gru_ablation_revin_scheduler_t003_seed40_full_merged,10,0.8045880917216457,0.0797318361622432
GRU_FCOV_gru_ablation_revin_scheduler_t003_seed40_full_merged,11,0.7873347199257976,0.08298750504559013
GRU_FCOV_gru_ablation_revin_scheduler_t003_seed40_full_merged,12,0.7719285119556692,0.0866479134437513
GRU_FCOV_gru_ablation_revin_scheduler_t003_seed40_full_merged,13,0.7578872992152759,0.0896400688711953
GRU_FCOV_gru_ablation_revin_scheduler_t003_seed40_full_merged,14,0.7448558866734356,0.09262563754458569
GRU_FCOV_gru_ablation_revin_scheduler_t003_seed40_full_merged,15,0.7338471591204005,0.09487232398779957
GRU_FCOV_gru_ablation_revin_scheduler_t003_seed40_full_merged,16,0.7216758550806841,0.09687880655141329
GRU_FCOV_gru_ablation_revin_scheduler_t004_seed40_full_merged,1,0.9734052889056549,0.026965510848574573
GRU_FCOV_gru_ablation_revin_scheduler_t004_seed40_full_merged,2,0.951619065422198,0.03783157047693337
GRU_FCOV_gru_ablation_revin_scheduler_t004_seed40_full_merged,3,0.9310249412230542,0.045583422530104535
GRU_FCOV_gru_ablation_revin_scheduler_t004_seed40_full_merged,4,0.9127771672350883,0.0515696803627362
GRU_FCOV_gru_ablation_revin_scheduler_t004_seed40_full_merged,5,0.8952733510675883,0.05750314554262206
GRU_FCOV_gru_ablation_revin_scheduler_t004_seed40_full_merged,6,0.8797734293503322,0.062065843426412734
GRU_FCOV_gru_ablation_revin_scheduler_t004_seed40_full_merged,7,0.8638835593355085,0.0656545905522915
GRU_FCOV_gru_ablation_revin_scheduler_t004_seed40_full_merged,8,0.8505030131040294,0.06929668888955988
GRU_FCOV_gru_ablation_revin_scheduler_t004_seed40_full_merged,9,0.8355285721840976,0.07253447300470015
GRU_FCOV_gru_ablation_revin_scheduler_t004_seed40_full_merged,10,0.8219428921917346,0.07557732925223339
GRU_FCOV_gru_ablation_revin_scheduler_t004_seed40_full_merged,11,0.8096289967725854,0.07907582627360643
GRU_FCOV_gru_ablation_revin_scheduler_t004_seed40_full_merged,12,0.7991366410871756,0.08183510588923615
GRU_FCOV_gru_ablation_revin_scheduler_t004_seed40_full_merged,13,0.7904121003211634,0.0845366397278802
GRU_FCOV_gru_ablation_revin_scheduler_t004_seed40_full_merged,14,0.780856401472646,0.0869346813485346
GRU_FCOV_gru_ablation_revin_scheduler_t004_seed40_full_merged,15,0.7741162710956349,0.08916460798236925
GRU_FCOV_gru_ablation_revin_scheduler_t004_seed40_full_merged,16,0.7618427168939582,0.09141914176137032
GRU_FCOV_gru_l1_seed40_ep50_full_merged_spf0p8_sc20_ss42,1,0.9701911443158494,0.028676255160018153
GRU_FCOV_gru_l1_seed40_ep50_full_merged_spf0p8_sc20_ss42,2,0.9431950538935312,0.040606803167138536
GRU_FCOV_gru_l1_seed40_ep50_full_merged_spf0p8_sc20_ss42,3,0.9217304281455543,0.04925846766261335
GRU_FCOV_gru_l1_seed40_ep50_full_merged_spf0p8_sc20_ss42,4,0.9005752199803951,0.055687799422811074
GRU_FCOV_gru_l1_seed40_ep50_full_merged_spf0p8_sc20_ss42,5,0.880237928615795,0.061267151185654935
GRU_FCOV_gru_l1_seed40_ep50_full_merged_spf0p8_sc20_ss42,6,0.8630002172028794,0.0666740712811735
GRU_FCOV_gru_l1_seed40_ep50_full_merged_spf0p8_sc20_ss42,7,0.8488732744559839,0.07045104106649917
GRU_FCOV_gru_l1_seed40_ep50_full_merged_spf0p8_sc20_ss42,8,0.8305242202798707,0.07404835243652251
GRU_FCOV_gru_l1_seed40_ep50_full_merged_spf0p8_sc20_ss42,9,0.8108200916254764,0.07773646635718288
GRU_FCOV_gru_l1_seed40_ep50_full_merged_spf0p8_sc20_ss42,10,0.7952224567613324,0.08085958173381594
GRU_FCOV_gru_l1_seed40_ep50_full_merged_spf0p8_sc20_ss42,11,0.7825845304735375,0.0839047489697517
GRU_FCOV_gru_l1_seed40_ep50_full_merged_spf0p8_sc20_ss42,12,0.7714428922447937,0.08663632958081988
GRU_FCOV_gru_l1_seed40_ep50_full_merged_spf0p8_sc20_ss42,13,0.7585724765186985,0.08962554787613683
GRU_FCOV_gru_l1_seed40_ep50_full_merged_spf0p8_sc20_ss42,14,0.7459543895690907,0.09181459522406826
GRU_FCOV_gru_l1_seed40_ep50_full_merged_spf0p8_sc20_ss42,15,0.7332314402515592,0.09351806190910592
GRU_FCOV_gru_l1_seed40_ep50_full_merged_spf0p8_sc20_ss42,16,0.7205995679049069,0.09599348420300785
GRU_FCOV_gru_l2_revin_seed40_ep50_full_merged_spf0p8_sc20_ss42,1,0.9734052889056549,0.026965510848574573
GRU_FCOV_gru_l2_revin_seed40_ep50_full_merged_spf0p8_sc20_ss42,2,0.951619065422198,0.03783157047693337
GRU_FCOV_gru_l2_revin_seed40_ep50_full_merged_spf0p8_sc20_ss42,3,0.9310249412230542,0.045583422530104535
GRU_FCOV_gru_l2_revin_seed40_ep50_full_merged_spf0p8_sc20_ss42,4,0.9127771672350883,0.0515696803627362
GRU_FCOV_gru_l2_revin_seed40_ep50_full_merged_spf0p8_sc20_ss42,5,0.8952733510675883,0.05750314554262206
GRU_FCOV_gru_l2_revin_seed40_ep50_full_merged_spf0p8_sc20_ss42,6,0.8797734293503322,0.062065843426412734
GRU_FCOV_gru_l2_revin_seed40_ep50_full_merged_spf0p8_sc20_ss42,7,0.8638835593355085,0.0656545905522915
GRU_FCOV_gru_l2_revin_seed40_ep50_full_merged_spf0p8_sc20_ss42,8,0.8505030131040294,0.06929668888955988
GRU_FCOV_gru_l2_revin_seed40_ep50_full_merged_spf0p8_sc20_ss42,9,0.8355285721840976,0.07253447300470015
GRU_FCOV_gru_l2_revin_seed40_ep50_full_merged_spf0p8_sc20_ss42,10,0.8219428921917346,0.07557732925223339
GRU_FCOV_gru_l2_revin_seed40_ep50_full_merged_spf0p8_sc20_ss42,11,0.8096289967725854,0.07907582627360643
GRU_FCOV_gru_l2_revin_seed40_ep50_full_merged_spf0p8_sc20_ss42,12,0.7991366410871756,0.08183510588923615
GRU_FCOV_gru_l2_revin_seed40_ep50_full_merged_spf0p8_sc20_ss42,13,0.7904121003211634,0.0845366397278802
GRU_FCOV_gru_l2_revin_seed40_ep50_full_merged_spf0p8_sc20_ss42,14,0.780856401472646,0.0869346813485346
GRU_FCOV_gru_l2_revin_seed40_ep50_full_merged_spf0p8_sc20_ss42,15,0.7741162710956349,0.08916460798236925
GRU_FCOV_gru_l2_revin_seed40_ep50_full_merged_spf0p8_sc20_ss42,16,0.7618427168939582,0.09141914176137032
GRU_FCOV_gru_l2_seed40_ep50_full_merged_spf0p8_sc20_ss42,1,0.9734052889056549,0.026965510848574573
GRU_FCOV_gru_l2_seed40_ep50_full_merged_spf0p8_sc20_ss42,2,0.951619065422198,0.03783157047693337
GRU_FCOV_gru_l2_seed40_ep50_full_merged_spf0p8_sc20_ss42,3,0.9310249412230542,0.045583422530104535
GRU_FCOV_gru_l2_seed40_ep50_full_merged_spf0p8_sc20_ss42,4,0.9127771672350883,0.0515696803627362
GRU_FCOV_gru_l2_seed40_ep50_full_merged_spf0p8_sc20_ss42,5,0.8952733510675883,0.05750314554262206
GRU_FCOV_gru_l2_seed40_ep50_full_merged_spf0p8_sc20_ss42,6,0.8797734293503322,0.062065843426412734
GRU_FCOV_gru_l2_seed40_ep50_full_merged_spf0p8_sc20_ss42,7,0.8638835593355085,0.0656545905522915
GRU_FCOV_gru_l2_seed40_ep50_full_merged_spf0p8_sc20_ss42,8,0.8505030131040294,0.06929668888955988
GRU_FCOV_gru_l2_seed40_ep50_full_merged_spf0p8_sc20_ss42,9,0.8355285721840976,0.07253447300470015
GRU_FCOV_gru_l2_seed40_ep50_full_merged_spf0p8_sc20_ss42,10,0.8219428921917346,0.07557732925223339
GRU_FCOV_gru_l2_seed40_ep50_full_merged_spf0p8_sc20_ss42,11,0.8096289967725854,0.07907582627360643
GRU_FCOV_gru_l2_seed40_ep50_full_merged_spf0p8_sc20_ss42,12,0.7991366410871756,0.08183510588923615
GRU_FCOV_gru_l2_seed40_ep50_full_merged_spf0p8_sc20_ss42,13,0.7904121003211634,0.0845366397278802
GRU_FCOV_gru_l2_seed40_ep50_full_merged_spf0p8_sc20_ss42,14,0.780856401472646,0.0869346813485346
GRU_FCOV_gru_l2_seed40_ep50_full_merged_spf0p8_sc20_ss42,15,0.7741162710956349,0.08916460798236925
GRU_FCOV_gru_l2_seed40_ep50_full_merged_spf0p8_sc20_ss42,16,0.7618427168939582,0.09141914176137032
GRU_FCOV_gru_l3_seed40_ep50_full_merged_spf0p8_sc20_ss42,1,0.9684858172342986,0.0296751814198287
GRU_FCOV_gru_l3_seed40_ep50_full_merged_spf0p8_sc20_ss42,2,0.9442242110386773,0.040585761489032444
GRU_FCOV_gru_l3_seed40_ep50_full_merged_spf0p8_sc20_ss42,3,0.9239933783111911,0.047804377650889004
GRU_FCOV_gru_l3_seed40_ep50_full_merged_spf0p8_sc20_ss42,4,0.9070848959210245,0.05374948548734412
GRU_FCOV_gru_l3_seed40_ep50_full_merged_spf0p8_sc20_ss42,5,0.8907955306582751,0.05869611951821702
GRU_FCOV_gru_l3_seed40_ep50_full_merged_spf0p8_sc20_ss42,6,0.872622071217344,0.0631985928546308
GRU_FCOV_gru_l3_seed40_ep50_full_merged_spf0p8_sc20_ss42,7,0.8574176047945133,0.06690542397505597
GRU_FCOV_gru_l3_seed40_ep50_full_merged_spf0p8_sc20_ss42,8,0.8428190832339206,0.07131182319525996
GRU_FCOV_gru_l3_seed40_ep50_full_merged_spf0p8_sc20_ss42,9,0.8271103597270237,0.0747618468700209
GRU_FCOV_gru_l3_seed40_ep50_full_merged_spf0p8_sc20_ss42,10,0.8137384872913211,0.07845005997694654
GRU_FCOV_gru_l3_seed40_ep50_full_merged_spf0p8_sc20_ss42,11,0.7982961190095215,0.08110764255384809
GRU_FCOV_gru_l3_seed40_ep50_full_merged_spf0p8_sc20_ss42,12,0.7849766095511281,0.08401926292325183
GRU_FCOV_gru_l3_seed40_ep50_full_merged_spf0p8_sc20_ss42,13,0.7716894729741476,0.08568665499474551
GRU_FCOV_gru_l3_seed40_ep50_full_merged_spf0p8_sc20_ss42,14,0.7584898616443682,0.08807859796053578
GRU_FCOV_gru_l3_seed40_ep50_full_merged_spf0p8_sc20_ss42,15,0.7438386138498787,0.09043943710609198
GRU_FCOV_gru_l3_seed40_ep50_full_merged_spf0p8_sc20_ss42,16,0.7346263889161824,0.09283308767643651
GRU_FCOV_in26_out4_ep1_bs128_seed40_sample_spf0p8_sc5_ss42,1,-11.804808000253807,0.9006176891435248
GRU_FCOV_in26_out4_ep1_bs128_seed40_sample_spf0p8_sc5_ss42,2,-70.52688358777525,2.172044850983086
GRU_FCOV_in26_out4_ep1_bs128_seed40_sample_spf0p8_sc5_ss42,3,-227.99227163287543,3.9050833975721453
GRU_FCOV_in26_out4_ep1_bs128_seed40_sample_spf0p8_sc5_ss42,4,-457.9090264941416,5.542628724830735
GRU_FCOV_in26_out4_ep1_bs4096_seed40_full_merged_spf0p5_sc20_ss42,1,-0.9819832208603589,0.2305524233328903
GRU_FCOV_in26_out4_ep1_bs4096_seed40_full_merged_spf0p5_sc20_ss42,2,-0.1384406539326659,0.19031363361905781
GRU_FCOV_in26_out4_ep1_bs4096_seed40_full_merged_spf0p5_sc20_ss42,3,-0.39663396380657323,0.20948866737014404
GRU_FCOV_in26_out4_ep1_bs4096_seed40_full_merged_spf0p5_sc20_ss42,4,-0.9318391681691394,0.2528142759808158
GRU_FCOV_in26_out4_ep1_bs4096_seed40_sample_spf0p5_sc5_ss42,1,-2798.9524505027985,12.955169685845213
GRU_FCOV_in26_out4_ep1_bs4096_seed40_sample_spf0p5_sc5_ss42,2,-2920.9574107098606,13.336812529824837
GRU_FCOV_in26_out4_ep1_bs4096_seed40_sample_spf0p5_sc5_ss42,3,-2965.3344296124405,13.534084377090053
GRU_FCOV_in26_out4_ep1_bs4096_seed40_sample_spf0p5_sc5_ss42,4,-2953.911861706617,13.637466651972858
GRU_FCOV_in52_out16_ep1_bs4096_seed40_full_merged_spf0p5_sc20_ss42,1,-3.760258953044622,0.3342624703501044
GRU_FCOV_in52_out16_ep1_bs4096_seed40_full_merged_spf0p5_sc20_ss42,2,-1.3281006071301409,0.2629569455427802
GRU_FCOV_in52_out16_ep1_bs4096_seed40_full_merged_spf0p5_sc20_ss42,3,-1.1491440761055314,0.27257579143152194
GRU_FCOV_in52_out16_ep1_bs4096_seed40_full_merged_spf0p5_sc20_ss42,4,-0.9649425293825673,0.27467804964014464
GRU_FCOV_in52_out16_ep1_bs4096_seed40_full_merged_spf0p5_sc20_ss42,5,-0.9953481168722951,0.2810820061856177
GRU_FCOV_in52_out16_ep1_bs4096_seed40_full_merged_spf0p5_sc20_ss42,6,-1.2192701079771293,0.28758731172775565
GRU_FCOV_in52_out16_ep1_bs4096_seed40_full_merged_spf0p5_sc20_ss42,7,-1.482744771711403,0.3003117996793739
GRU_FCOV_in52_out16_ep1_bs4096_seed40_full_merged_spf0p5_sc20_ss42,8,-1.722796271443888,0.317741611449101
GRU_FCOV_in52_out16_ep1_bs4096_seed40_full_merged_spf0p5_sc20_ss42,9,-2.0228914073776765,0.3323603377034977
GRU_FCOV_in52_out16_ep1_bs4096_seed40_full_merged_spf0p5_sc20_ss42,10,-2.1683325478532733,0.34674554175278666
GRU_FCOV_in52_out16_ep1_bs4096_seed40_full_merged_spf0p5_sc20_ss42,11,-2.386092502895163,0.364259781580857
GRU_FCOV_in52_out16_ep1_bs4096_seed40_full_merged_spf0p5_sc20_ss42,12,-2.5862294501580334,0.3752123012879736
GRU_FCOV_in52_out16_ep1_bs4096_seed40_full_merged_spf0p5_sc20_ss42,13,-2.715941344580326,0.3894029357630406
GRU_FCOV_in52_out16_ep1_bs4096_seed40_full_merged_spf0p5_sc20_ss42,14,-2.8753834933871993,0.4047108209081666
GRU_FCOV_in52_out16_ep1_bs4096_seed40_full_merged_spf0p5_sc20_ss42,15,-3.200137491664517,0.4248268902496746
GRU_FCOV_in52_out16_ep1_bs4096_seed40_full_merged_spf0p5_sc20_ss42,16,-3.5628008535097537,0.45152238971660874
GRU_FCOV_in52_out16_ep2_bs4096_seed40_full_merged_spf0p5_sc20_ss42,1,-0.4137135406089407,0.22104377370676984
GRU_FCOV_in52_out16_ep2_bs4096_seed40_full_merged_spf0p5_sc20_ss42,2,-0.14728514139920668,0.19906313433966322
GRU_FCOV_in52_out16_ep2_bs4096_seed40_full_merged_spf0p5_sc20_ss42,3,0.0434447289477915,0.18416819342078894
GRU_FCOV_in52_out16_ep2_bs4096_seed40_full_merged_spf0p5_sc20_ss42,4,0.08709725410177527,0.19478697105418927
GRU_FCOV_in52_out16_ep2_bs4096_seed40_full_merged_spf0p5_sc20_ss42,5,0.0644470258177996,0.1996137561058368
GRU_FCOV_in52_out16_ep2_bs4096_seed40_full_merged_spf0p5_sc20_ss42,6,-0.03013035620853577,0.20966148165467594
GRU_FCOV_in52_out16_ep2_bs4096_seed40_full_merged_spf0p5_sc20_ss42,7,-0.1327530383318174,0.21844053235115757
GRU_FCOV_in52_out16_ep2_bs4096_seed40_full_merged_spf0p5_sc20_ss42,8,-0.2425691057270214,0.2297665139434526
GRU_FCOV_in52_out16_ep2_bs4096_seed40_full_merged_spf0p5_sc20_ss42,9,-0.3488445186805167,0.2378240881376951
GRU_FCOV_in52_out16_ep2_bs4096_seed40_full_merged_spf0p5_sc20_ss42,10,-0.39182688725249326,0.24489966216023465
GRU_FCOV_in52_out16_ep2_bs4096_seed40_full_merged_spf0p5_sc20_ss42,11,-0.48433522854477085,0.2531597532194913
GRU_FCOV_in52_out16_ep2_bs4096_seed40_full_merged_spf0p5_sc20_ss42,12,-0.5651194066413665,0.2603740267757429
GRU_FCOV_in52_out16_ep2_bs4096_seed40_full_merged_spf0p5_sc20_ss42,13,-0.6643708271726154,0.2654443451713853
GRU_FCOV_in52_out16_ep2_bs4096_seed40_full_merged_spf0p5_sc20_ss42,14,-0.819276348896314,0.2725443497028034
GRU_FCOV_in52_out16_ep2_bs4096_seed40_full_merged_spf0p5_sc20_ss42,15,-0.9677428254465115,0.28444019309106555
GRU_FCOV_in52_out16_ep2_bs4096_seed40_full_merged_spf0p5_sc20_ss42,16,-1.1159732101929012,0.29663320279000605
GRU_FCOV_in52_out16_ep50_bs4096_seed40_full_merged_r1_spf0p8_sc20_ss42,1,0.9796907056242274,0.02431759497557954
GRU_FCOV_in52_out16_ep50_bs4096_seed40_full_merged_r1_spf0p8_sc20_ss42,2,0.9573357525558595,0.035531818420735044
GRU_FCOV_in52_out16_ep50_bs4096_seed40_full_merged_r1_spf0p8_sc20_ss42,3,0.936058200728375,0.0442563429476188
GRU_FCOV_in52_out16_ep50_bs4096_seed40_full_merged_r1_spf0p8_sc20_ss42,4,0.9149074035099453,0.05088523786610513
GRU_FCOV_in52_out16_ep50_bs4096_seed40_full_merged_r1_spf0p8_sc20_ss42,5,0.8944096959024139,0.05720911276927615
GRU_FCOV_in52_out16_ep50_bs4096_seed40_full_merged_r1_spf0p8_sc20_ss42,6,0.8751312331239889,0.06192454453749388
GRU_FCOV_in52_out16_ep50_bs4096_seed40_full_merged_r1_spf0p8_sc20_ss42,7,0.85653397616247,0.06694141838022293
GRU_FCOV_in52_out16_ep50_bs4096_seed40_full_merged_r1_spf0p8_sc20_ss42,8,0.8379860324930706,0.07149965415949834
GRU_FCOV_in52_out16_ep50_bs4096_seed40_full_merged_r1_spf0p8_sc20_ss42,9,0.8206365437346212,0.07586823343604779
GRU_FCOV_in52_out16_ep50_bs4096_seed40_full_merged_r1_spf0p8_sc20_ss42,10,0.8045880917216457,0.0797318361622432
GRU_FCOV_in52_out16_ep50_bs4096_seed40_full_merged_r1_spf0p8_sc20_ss42,11,0.7873347199257976,0.08298750504559013
GRU_FCOV_in52_out16_ep50_bs4096_seed40_full_merged_r1_spf0p8_sc20_ss42,12,0.7719285119556692,0.0866479134437513
GRU_FCOV_in52_out16_ep50_bs4096_seed40_full_merged_r1_spf0p8_sc20_ss42,13,0.7578872992152759,0.0896400688711953
GRU_FCOV_in52_out16_ep50_bs4096_seed40_full_merged_r1_spf0p8_sc20_ss42,14,0.7448558866734356,0.09262563754458569
GRU_FCOV_in52_out16_ep50_bs4096_seed40_full_merged_r1_spf0p8_sc20_ss42,15,0.7338471591204005,0.09487232398779957
GRU_FCOV_in52_out16_ep50_bs4096_seed40_full_merged_r1_spf0p8_sc20_ss42,16,0.7216758550806841,0.09687880655141329
GRU_FCOV_in52_out16_ep50_bs4096_stat1_seed40_full_merged_spf0p8_sc20_ss42,1,-23.626011332521177,0.8229180797489999
GRU_FCOV_in52_out16_ep50_bs4096_stat1_seed40_full_merged_spf0p8_sc20_ss42,2,-10.519196797262367,0.6450738871931303
GRU_FCOV_in52_out16_ep50_bs4096_stat1_seed40_full_merged_spf0p8_sc20_ss42,3,-10.181617634996494,0.6274442909326233
GRU_FCOV_in52_out16_ep50_bs4096_stat1_seed40_full_merged_spf0p8_sc20_ss42,4,-9.208865631123125,0.5816008209528215
GRU_FCOV_in52_out16_ep50_bs4096_stat1_seed40_full_merged_spf0p8_sc20_ss42,5,-8.365500187512826,0.5585693785230388
GRU_FCOV_in52_out16_ep50_bs4096_stat1_seed40_full_merged_spf0p8_sc20_ss42,6,-7.841369112563875,0.5181162376741082
GRU_FCOV_in52_out16_ep50_bs4096_stat1_seed40_full_merged_spf0p8_sc20_ss42,7,-7.3399993642997,0.5005189878815349
GRU_FCOV_in52_out16_ep50_bs4096_stat1_seed40_full_merged_spf0p8_sc20_ss42,8,-6.833889187477641,0.48514130906617553
GRU_FCOV_in52_out16_ep50_bs4096_stat1_seed40_full_merged_spf0p8_sc20_ss42,9,-6.460038610744056,0.4731527627268021
GRU_FCOV_in52_out16_ep50_bs4096_stat1_seed40_full_merged_spf0p8_sc20_ss42,10,-6.084807225264823,0.47673617290917497
GRU_FCOV_in52_out16_ep50_bs4096_stat1_seed40_full_merged_spf0p8_sc20_ss42,11,-6.147188340637941,0.47759894048783075
GRU_FCOV_in52_out16_ep50_bs4096_stat1_seed40_full_merged_spf0p8_sc20_ss42,12,-6.360450232530483,0.4947954345996158
GRU_FCOV_in52_out16_ep50_bs4096_stat1_seed40_full_merged_spf0p8_sc20_ss42,13,-6.675815995322141,0.5304016890151909
GRU_FCOV_in52_out16_ep50_bs4096_stat1_seed40_full_merged_spf0p8_sc20_ss42,14,-6.728408396726413,0.5598104209083472
GRU_FCOV_in52_out16_ep50_bs4096_stat1_seed40_full_merged_spf0p8_sc20_ss42,15,-7.384561963646059,0.6018121642431438
GRU_FCOV_in52_out16_ep50_bs4096_stat1_seed40_full_merged_spf0p8_sc20_ss42,16,-8.705027558676996,0.6525854399507108
GRU_FCOV_in52_out16_ep5_bs4096_seed40_full_merged_spf0p5_sc20_ss42,1,0.5106752731328639,0.1239752060966183
GRU_FCOV_in52_out16_ep5_bs4096_seed40_full_merged_spf0p5_sc20_ss42,2,0.5657661291036766,0.12604224069425035
GRU_FCOV_in52_out16_ep5_bs4096_seed40_full_merged_spf0p5_sc20_ss42,3,0.5976259460665281,0.1197266560850293
GRU_FCOV_in52_out16_ep5_bs4096_seed40_full_merged_spf0p5_sc20_ss42,4,0.5312197279619127,0.12998321836401144
GRU_FCOV_in52_out16_ep5_bs4096_seed40_full_merged_spf0p5_sc20_ss42,5,0.4498582532042652,0.14356286646990654
GRU_FCOV_in52_out16_ep5_bs4096_seed40_full_merged_spf0p5_sc20_ss42,6,0.36240937223757763,0.15638063653191067
GRU_FCOV_in52_out16_ep5_bs4096_seed40_full_merged_spf0p5_sc20_ss42,7,0.27542239324365514,0.16765689050300364
GRU_FCOV_in52_out16_ep5_bs4096_seed40_full_merged_spf0p5_sc20_ss42,8,0.18484873501717303,0.17982582935864497
GRU_FCOV_in52_out16_ep5_bs4096_seed40_full_merged_spf0p5_sc20_ss42,9,0.1062226353731427,0.19145955595828013
GRU_FCOV_in52_out16_ep5_bs4096_seed40_full_merged_spf0p5_sc20_ss42,10,0.03696068479005876,0.20100590467481394
GRU_FCOV_in52_out16_ep5_bs4096_seed40_full_merged_spf0p5_sc20_ss42,11,-0.07191857015873282,0.21083793282550986
GRU_FCOV_in52_out16_ep5_bs4096_seed40_full_merged_spf0p5_sc20_ss42,12,-0.19735862559236517,0.22150532842423826
GRU_FCOV_in52_out16_ep5_bs4096_seed40_full_merged_spf0p5_sc20_ss42,13,-0.350289053712437,0.23238924817438839
GRU_FCOV_in52_out16_ep5_bs4096_seed40_full_merged_spf0p5_sc20_ss42,14,-0.5102413097500402,0.2465996017292147
GRU_FCOV_in52_out16_ep5_bs4096_seed40_full_merged_spf0p5_sc20_ss42,15,-0.6766859779547207,0.26088316925148586
GRU_FCOV_in52_out16_ep5_bs4096_seed40_full_merged_spf0p5_sc20_ss42,16,-0.916134244353406,0.2752698851367993
GRU_FCOV_in52_out16_ep5_bs4096_seed40_full_merged_spf0p8_sc20_ss42,1,0.5125557521554758,0.1288989536941701
GRU_FCOV_in52_out16_ep5_bs4096_seed40_full_merged_spf0p8_sc20_ss42,2,0.425787107987349,0.1460363788339751
GRU_FCOV_in52_out16_ep5_bs4096_seed40_full_merged_spf0p8_sc20_ss42,3,0.48124656623492434,0.13615420286507426
GRU_FCOV_in52_out16_ep5_bs4096_seed40_full_merged_spf0p8_sc20_ss42,4,0.4223828018606768,0.14455406400385087
GRU_FCOV_in52_out16_ep5_bs4096_seed40_full_merged_spf0p8_sc20_ss42,5,0.3329128753457209,0.1555042408005235
GRU_FCOV_in52_out16_ep5_bs4096_seed40_full_merged_spf0p8_sc20_ss42,6,0.250774774726224,0.16474194794513658
GRU_FCOV_in52_out16_ep5_bs4096_seed40_full_merged_spf0p8_sc20_ss42,7,0.15790305750288414,0.17385276886682696
GRU_FCOV_in52_out16_ep5_bs4096_seed40_full_merged_spf0p8_sc20_ss42,8,0.06543693232845249,0.18292821459320716
GRU_FCOV_in52_out16_ep5_bs4096_seed40_full_merged_spf0p8_sc20_ss42,9,-0.024634614699775126,0.19349268805976644
GRU_FCOV_in52_out16_ep5_bs4096_seed40_full_merged_spf0p8_sc20_ss42,10,-0.12635322527958115,0.20273643122212062
GRU_FCOV_in52_out16_ep5_bs4096_seed40_full_merged_spf0p8_sc20_ss42,11,-0.22775322559302702,0.21277522652185113
GRU_FCOV_in52_out16_ep5_bs4096_seed40_full_merged_spf0p8_sc20_ss42,12,-0.3408277783764968,0.22265890301208122
GRU_FCOV_in52_out16_ep5_bs4096_seed40_full_merged_spf0p8_sc20_ss42,13,-0.4557346840666787,0.23253245918556303
GRU_FCOV_in52_out16_ep5_bs4096_seed40_full_merged_spf0p8_sc20_ss42,14,-0.5867127915144925,0.24307818830140554
GRU_FCOV_in52_out16_ep5_bs4096_seed40_full_merged_spf0p8_sc20_ss42,15,-0.744067246516273,0.2547839493631818
GRU_FCOV_in52_out16_ep5_bs4096_seed40_full_merged_spf0p8_sc20_ss42,16,-0.8611400768476767,0.2676281647824758
