run_sig,run,seed,horizon,NSE,RMSE,MAE,rMBE,skill_vs_persistence,source,trial,status,objective,hp.model.gru_layers,hp.model.gru_hidden,hp.model.gru_dropout,hp.training.lr
gru_ablation_revin_scheduler_t001_seed40_full_merged,gru_l2_in52_out16_ep50_full_merged,40.0,1.0,0.9796907056242274,0.0243175949755795,0.0171458999831955,-0.0193448414636123,,gru_metrics,,,,,,,
gru_ablation_revin_scheduler_t002_seed40_full_merged,gru_l2_in52_out16_ep50_full_merged,40.0,1.0,0.9734052889056548,0.0269655108485745,0.0195775548100987,-0.0002555397866483,,gru_metrics,,,,,,,
gru_ablation_revin_scheduler_t003_seed40_full_merged,gru_l2_in52_out16_ep50_full_merged,40.0,1.0,0.9796907056242274,0.0243175949755795,0.0171458999831955,-0.0193448414636123,,gru_metrics,,,,,,,
gru_ablation_revin_scheduler_t004_seed40_full_merged,gru_l2_in52_out16_ep50_full_merged,40.0,1.0,0.9734052889056548,0.0269655108485745,0.0195775548100987,-0.0002555397866483,,gru_metrics,,,,,,,
in26_out4_ep1_bs4096_seed40_full_merged_spf0p5_sc20_ss42,gru_l1_in26_out4_ep1_full_merged_spatial_split_spf0p5_sc20_ss42,40.0,1.0,-0.9819832208603588,0.2305524233328903,0.1822519256737814,0.3100049235462617,,gru_metrics,,,,,,,
in26_out4_ep1_bs4096_seed40_sample_spf0p5_sc5_ss42,gru_l1_in26_out4_ep1_sample_spf0p5_sc5_ss42,40.0,1.0,-2798.9524505027985,12.955169685845211,12.851377916107907,-49.84452773243223,,gru_metrics,,,,,,,
in26_out4_ep1_bs128_seed40_sample_spf0p8_sc5_ss42,gru_l1_in26_out4_ep1_sample_spf0p8_sc5_ss42,40.0,1.0,-11.804808000253807,0.9006176891435248,0.688489393754439,-0.6670970116113086,,gru_metrics,,,,,,,
in52_out16_ep1_bs4096_seed40_full_merged_spf0p5_sc20_ss42,gru_l1_in52_out16_ep1_full_merged_spatial_split_spf0p5_sc20_ss42,40.0,1.0,-3.760258953044622,0.3342624703501044,0.2646224190743916,0.1512688598001372,,gru_metrics,,,,,,,
in52_out16_ep50_bs4096_stat1_seed40_full_merged_spf0p8_sc20_ss42,gru_l1_in52_out16_ep1_full_merged_spatial_split_spf0p8_sc20_ss42,40.0,1.0,-23.626011332521177,0.8229180797489999,0.7216379631078985,-2.789757344814733,,gru_metrics,,,,,,,
in52_out16_ep2_bs4096_seed40_full_merged_spf0p5_sc20_ss42,gru_l1_in52_out16_ep2_full_merged_spatial_split_spf0p5_sc20_ss42,40.0,1.0,-0.4137135406089407,0.2210437737067698,0.1802913172963703,0.3259506722782625,,gru_metrics,,,,,,,
in52_out16_ep5_bs4096_seed40_full_merged_spf0p5_sc20_ss42,gru_l1_in52_out16_ep5_full_merged_spatial_split_spf0p5_sc20_ss42,40.0,1.0,0.5106752731328639,0.1239752060966183,0.0970109638414884,0.0580141359482865,,gru_metrics,,,,,,,
in52_out16_ep5_bs4096_seed40_full_merged_spf0p8_sc20_ss42,gru_l1_in52_out16_ep5_full_merged_spatial_split_spf0p8_sc20_ss42,40.0,1.0,0.5125557521554758,0.1288989536941701,0.1050386885136508,0.0731780432795153,,gru_metrics,,,,,,,
gru_l1_seed40_ep50_full_merged_spf0p8_sc20_ss42,gru_l1_in52_out16_ep50_full_merged_spatial_split_spf0p8_sc20_ss42,40.0,1.0,0.9701911443158494,0.0286762551600181,0.0207325493618523,0.0222637833085205,,gru_metrics,,,,,,,
in52_out16_ep50_bs4096_seed40_full_merged_r1_spf0p8_sc20_ss42,gru_l2_in52_out16_ep50_full_merged_r1_spatial_split_spf0p8_sc20_ss42,40.0,1.0,0.9796907056242274,0.0243175949755795,0.0171458999831955,-0.0193448414636123,,gru_metrics,,,,,,,
gru_l2_revin_seed40_ep50_full_merged_spf0p8_sc20_ss42,gru_l2_in52_out16_ep50_full_merged_spatial_split_spf0p8_sc20_ss42,40.0,1.0,0.9734052889056548,0.0269655108485745,0.0195775548100987,-0.0002555397866483,,gru_metrics,,,,,,,
gru_l2_seed40_ep50_full_merged_spf0p8_sc20_ss42,gru_l2_in52_out16_ep50_full_merged_spatial_split_spf0p8_sc20_ss42,40.0,1.0,0.9734052889056548,0.0269655108485745,0.0195775548100987,-0.0002555397866483,,gru_metrics,,,,,,,
gru_l3_seed40_ep50_full_merged_spf0p8_sc20_ss42,gru_l3_in52_out16_ep50_full_merged_spatial_split_spf0p8_sc20_ss42,40.0,1.0,0.9684858172342986,0.0296751814198287,0.0216397041882271,0.0102991267670921,,gru_metrics,,,,,,,
gru_ablation_revin_scheduler_t001_seed40_full_merged,gru_l2_in52_out16_ep50_full_merged,40.0,2.0,0.9573357525558596,0.035531818420735,0.0256537070006003,-0.0476019383447982,,gru_metrics,,,,,,,
gru_ablation_revin_scheduler_t002_seed40_full_merged,gru_l2_in52_out16_ep50_full_merged,40.0,2.0,0.951619065422198,0.0378315704769333,0.0273145081160904,-0.0061056736888672,,gru_metrics,,,,,,,
gru_ablation_revin_scheduler_t003_seed40_full_merged,gru_l2_in52_out16_ep50_full_merged,40.0,2.0,0.9573357525558596,0.035531818420735,0.0256537070006003,-0.0476019383447982,,gru_metrics,,,,,,,
gru_ablation_revin_scheduler_t004_seed40_full_merged,gru_l2_in52_out16_ep50_full_merged,40.0,2.0,0.951619065422198,0.0378315704769333,0.0273145081160904,-0.0061056736888672,,gru_metrics,,,,,,,
in26_out4_ep1_bs4096_seed40_full_merged_spf0p5_sc20_ss42,gru_l1_in26_out4_ep1_full_merged_spatial_split_spf0p5_sc20_ss42,40.0,2.0,-0.1384406539326659,0.1903136336190578,0.1523367046739496,0.0857937980852967,,gru_metrics,,,,,,,
in26_out4_ep1_bs4096_seed40_sample_spf0p5_sc5_ss42,gru_l1_in26_out4_ep1_sample_spf0p5_sc5_ss42,40.0,2.0,-2920.9574107098606,13.336812529824837,13.222616268687272,-50.94900145611197,,gru_metrics,,,,,,,
in26_out4_ep1_bs128_seed40_sample_spf0p8_sc5_ss42,gru_l1_in26_out4_ep1_sample_spf0p8_sc5_ss42,40.0,2.0,-70.52688358777525,2.172044850983086,2.0325606679231925,-7.283301664099814,,gru_metrics,,,,,,,
in52_out16_ep1_bs4096_seed40_full_merged_spf0p5_sc20_ss42,gru_l1_in52_out16_ep1_full_merged_spatial_split_spf0p5_sc20_ss42,40.0,2.0,-1.3281006071301409,0.2629569455427802,0.2061831825657894,-0.3488395108060144,,gru_metrics,,,,,,,
in52_out16_ep50_bs4096_stat1_seed40_full_merged_spf0p8_sc20_ss42,gru_l1_in52_out16_ep1_full_merged_spatial_split_spf0p8_sc20_ss42,40.0,2.0,-10.519196797262367,0.6450738871931303,0.5679833261590255,-1.6642549803580848,,gru_metrics,,,,,,,
in52_out16_ep2_bs4096_seed40_full_merged_spf0p5_sc20_ss42,gru_l1_in52_out16_ep2_full_merged_spatial_split_spf0p5_sc20_ss42,40.0,2.0,-0.1472851413992066,0.1990631343396632,0.1620377353503943,0.1123700406128133,,gru_metrics,,,,,,,
in52_out16_ep5_bs4096_seed40_full_merged_spf0p5_sc20_ss42,gru_l1_in52_out16_ep5_full_merged_spatial_split_spf0p5_sc20_ss42,40.0,2.0,0.5657661291036766,0.1260422406942503,0.1018184497595974,-0.0154128748378602,,gru_metrics,,,,,,,
in52_out16_ep5_bs4096_seed40_full_merged_spf0p8_sc20_ss42,gru_l1_in52_out16_ep5_full_merged_spatial_split_spf0p8_sc20_ss42,40.0,2.0,0.425787107987349,0.1460363788339751,0.120410152599572,0.0017281459499934,,gru_metrics,,,,,,,
gru_l1_seed40_ep50_full_merged_spf0p8_sc20_ss42,gru_l1_in52_out16_ep50_full_merged_spatial_split_spf0p8_sc20_ss42,40.0,2.0,0.9431950538935312,0.0406068031671385,0.0301083651455965,0.0299313503344286,,gru_metrics,,,,,,,
in52_out16_ep50_bs4096_seed40_full_merged_r1_spf0p8_sc20_ss42,gru_l2_in52_out16_ep50_full_merged_r1_spatial_split_spf0p8_sc20_ss42,40.0,2.0,0.9573357525558596,0.035531818420735,0.0256537070006003,-0.0476019383447982,,gru_metrics,,,,,,,
gru_l2_revin_seed40_ep50_full_merged_spf0p8_sc20_ss42,gru_l2_in52_out16_ep50_full_merged_spatial_split_spf0p8_sc20_ss42,40.0,2.0,0.951619065422198,0.0378315704769333,0.0273145081160904,-0.0061056736888672,,gru_metrics,,,,,,,
gru_l2_seed40_ep50_full_merged_spf0p8_sc20_ss42,gru_l2_in52_out16_ep50_full_merged_spatial_split_spf0p8_sc20_ss42,40.0,2.0,0.951619065422198,0.0378315704769333,0.0273145081160904,-0.0061056736888672,,gru_metrics,,,,,,,
gru_l3_seed40_ep50_full_merged_spf0p8_sc20_ss42,gru_l3_in52_out16_ep50_full_merged_spatial_split_spf0p8_sc20_ss42,40.0,2.0,0.9442242110386772,0.0405857614890324,0.0298544730974998,0.0046206350668054,,gru_metrics,,,,,,,
gru_ablation_revin_scheduler_t001_seed40_full_merged,gru_l2_in52_out16_ep50_full_merged,40.0,3.0,0.936058200728375,0.0442563429476188,0.0323025426823339,-0.069381365649533,,gru_metrics,,,,,,,
gru_ablation_revin_scheduler_t002_seed40_full_merged,gru_l2_in52_out16_ep50_full_merged,40.0,3.0,0.9310249412230542,0.0455834225301045,0.0336623749175629,0.0032688880998875,,gru_metrics,,,,,,,
gru_ablation_revin_scheduler_t003_seed40_full_merged,gru_l2_in52_out16_ep50_full_merged,40.0,3.0,0.936058200728375,0.0442563429476188,0.0323025426823339,-0.069381365649533,,gru_metrics,,,,,,,
gru_ablation_revin_scheduler_t004_seed40_full_merged,gru_l2_in52_out16_ep50_full_merged,40.0,3.0,0.9310249412230542,0.0455834225301045,0.0336623749175629,0.0032688880998875,,gru_metrics,,,,,,,
in26_out4_ep1_bs4096_seed40_full_merged_spf0p5_sc20_ss42,gru_l1_in26_out4_ep1_full_merged_spatial_split_spf0p5_sc20_ss42,40.0,3.0,-0.3966339638065732,0.209488667370144,0.1695935737573359,0.1500283754715868,,gru_metrics,,,,,,,
in26_out4_ep1_bs4096_seed40_sample_spf0p5_sc5_ss42,gru_l1_in26_out4_ep1_sample_spf0p5_sc5_ss42,40.0,3.0,-2965.3344296124405,13.534084377090052,13.410571331042425,-51.28764859883911,,gru_metrics,,,,,,,
in26_out4_ep1_bs128_seed40_sample_spf0p8_sc5_ss42,gru_l1_in26_out4_ep1_sample_spf0p8_sc5_ss42,40.0,3.0,-227.99227163287543,3.905083397572145,3.798613972641064,-14.344711943167702,,gru_metrics,,,,,,,
in52_out16_ep1_bs4096_seed40_full_merged_spf0p5_sc20_ss42,gru_l1_in52_out16_ep1_full_merged_spatial_split_spf0p5_sc20_ss42,40.0,3.0,-1.1491440761055314,0.2725757914315219,0.214785434412614,-0.4635668750003394,,gru_metrics,,,,,,,
in52_out16_ep50_bs4096_stat1_seed40_full_merged_spf0p8_sc20_ss42,gru_l1_in52_out16_ep1_full_merged_spatial_split_spf0p8_sc20_ss42,40.0,3.0,-10.181617634996494,0.6274442909326233,0.5578698883786726,-1.2905191063682575,,gru_metrics,,,,,,,
in52_out16_ep2_bs4096_seed40_full_merged_spf0p5_sc20_ss42,gru_l1_in52_out16_ep2_full_merged_spatial_split_spf0p5_sc20_ss42,40.0,3.0,0.0434447289477915,0.1841681934207889,0.1499805541700153,-0.1724995468126992,,gru_metrics,,,,,,,
in52_out16_ep5_bs4096_seed40_full_merged_spf0p5_sc20_ss42,gru_l1_in52_out16_ep5_full_merged_spatial_split_spf0p5_sc20_ss42,40.0,3.0,0.5976259460665281,0.1197266560850293,0.0961889604632364,-0.1321744998858219,,gru_metrics,,,,,,,
in52_out16_ep5_bs4096_seed40_full_merged_spf0p8_sc20_ss42,gru_l1_in52_out16_ep5_full_merged_spatial_split_spf0p8_sc20_ss42,40.0,3.0,0.4812465662349243,0.1361542028650742,0.1109413347746196,-0.0883429682194834,,gru_metrics,,,,,,,
gru_l1_seed40_ep50_full_merged_spf0p8_sc20_ss42,gru_l1_in52_out16_ep50_full_merged_spatial_split_spf0p8_sc20_ss42,40.0,3.0,0.9217304281455544,0.0492584676626133,0.036376091308924,0.0328465957151702,,gru_metrics,,,,,,,
in52_out16_ep50_bs4096_seed40_full_merged_r1_spf0p8_sc20_ss42,gru_l2_in52_out16_ep50_full_merged_r1_spatial_split_spf0p8_sc20_ss42,40.0,3.0,0.936058200728375,0.0442563429476188,0.0323025426823339,-0.069381365649533,,gru_metrics,,,,,,,
gru_l2_revin_seed40_ep50_full_merged_spf0p8_sc20_ss42,gru_l2_in52_out16_ep50_full_merged_spatial_split_spf0p8_sc20_ss42,40.0,3.0,0.9310249412230542,0.0455834225301045,0.0336623749175629,0.0032688880998875,,gru_metrics,,,,,,,
gru_l2_seed40_ep50_full_merged_spf0p8_sc20_ss42,gru_l2_in52_out16_ep50_full_merged_spatial_split_spf0p8_sc20_ss42,40.0,3.0,0.9310249412230542,0.0455834225301045,0.0336623749175629,0.0032688880998875,,gru_metrics,,,,,,,
gru_l3_seed40_ep50_full_merged_spf0p8_sc20_ss42,gru_l3_in52_out16_ep50_full_merged_spatial_split_spf0p8_sc20_ss42,40.0,3.0,0.9239933783111912,0.047804377650889,0.0357171260949337,0.004749330726843,,gru_metrics,,,,,,,
gru_ablation_revin_scheduler_t001_seed40_full_merged,gru_l2_in52_out16_ep50_full_merged,40.0,4.0,0.9149074035099451,0.0508852378661051,0.0373627324124951,-0.0878658384876819,,gru_metrics,,,,,,,
gru_ablation_revin_scheduler_t002_seed40_full_merged,gru_l2_in52_out16_ep50_full_merged,40.0,4.0,0.9127771672350884,0.0515696803627362,0.0392873524587391,0.0087541218089477,,gru_metrics,,,,,,,
gru_ablation_revin_scheduler_t003_seed40_full_merged,gru_l2_in52_out16_ep50_full_merged,40.0,4.0,0.9149074035099451,0.0508852378661051,0.0373627324124951,-0.0878658384876819,,gru_metrics,,,,,,,
gru_ablation_revin_scheduler_t004_seed40_full_merged,gru_l2_in52_out16_ep50_full_merged,40.0,4.0,0.9127771672350884,0.0515696803627362,0.0392873524587391,0.0087541218089477,,gru_metrics,,,,,,,
in26_out4_ep1_bs4096_seed40_full_merged_spf0p5_sc20_ss42,gru_l1_in26_out4_ep1_full_merged_spatial_split_spf0p5_sc20_ss42,40.0,4.0,-0.9318391681691394,0.2528142759808158,0.2060585660797557,0.1731674981460456,,gru_metrics,,,,,,,
in26_out4_ep1_bs4096_seed40_sample_spf0p5_sc5_ss42,gru_l1_in26_out4_ep1_sample_spf0p5_sc5_ss42,40.0,4.0,-2953.911861706617,13.637466651972858,13.50746690485466,-51.14467210652721,,gru_metrics,,,,,,,
in26_out4_ep1_bs128_seed40_sample_spf0p8_sc5_ss42,gru_l1_in26_out4_ep1_sample_spf0p8_sc5_ss42,40.0,4.0,-457.9090264941416,5.542628724830735,5.445304688084068,-20.456701843147115,,gru_metrics,,,,,,,
in52_out16_ep1_bs4096_seed40_full_merged_spf0p5_sc20_ss42,gru_l1_in52_out16_ep1_full_merged_spatial_split_spf0p5_sc20_ss42,40.0,4.0,-0.9649425293825672,0.2746780496401446,0.2158825522974918,-0.3352759774803145,,gru_metrics,,,,,,,
in52_out16_ep50_bs4096_stat1_seed40_full_merged_spf0p8_sc20_ss42,gru_l1_in52_out16_ep1_full_merged_spatial_split_spf0p8_sc20_ss42,40.0,4.0,-9.208865631123125,0.5816008209528215,0.5058650696676884,-0.9325240581113168,,gru_metrics,,,,,,,
in52_out16_ep2_bs4096_seed40_full_merged_spf0p5_sc20_ss42,gru_l1_in52_out16_ep2_full_merged_spatial_split_spf0p5_sc20_ss42,40.0,4.0,0.0870972541017752,0.1947869710541892,0.1562276046241869,-0.1215519203838293,,gru_metrics,,,,,,,
in52_out16_ep5_bs4096_seed40_full_merged_spf0p5_sc20_ss42,gru_l1_in52_out16_ep5_full_merged_spatial_split_spf0p5_sc20_ss42,40.0,4.0,0.5312197279619127,0.1299832183640114,0.1051894375011681,-0.1396049102485389,,gru_metrics,,,,,,,
in52_out16_ep5_bs4096_seed40_full_merged_spf0p8_sc20_ss42,gru_l1_in52_out16_ep5_full_merged_spatial_split_spf0p8_sc20_ss42,40.0,4.0,0.4223828018606768,0.1445540640038508,0.1173884013052762,-0.0601429520568413,,gru_metrics,,,,,,,
gru_l1_seed40_ep50_full_merged_spf0p8_sc20_ss42,gru_l1_in52_out16_ep50_full_merged_spatial_split_spf0p8_sc20_ss42,40.0,4.0,0.9005752199803951,0.055687799422811,0.0426035629206405,0.0335521982369868,,gru_metrics,,,,,,,
in52_out16_ep50_bs4096_seed40_full_merged_r1_spf0p8_sc20_ss42,gru_l2_in52_out16_ep50_full_merged_r1_spatial_split_spf0p8_sc20_ss42,40.0,4.0,0.9149074035099451,0.0508852378661051,0.0373627324124951,-0.0878658384876819,,gru_metrics,,,,,,,
gru_l2_revin_seed40_ep50_full_merged_spf0p8_sc20_ss42,gru_l2_in52_out16_ep50_full_merged_spatial_split_spf0p8_sc20_ss42,40.0,4.0,0.9127771672350884,0.0515696803627362,0.0392873524587391,0.0087541218089477,,gru_metrics,,,,,,,
gru_l2_seed40_ep50_full_merged_spf0p8_sc20_ss42,gru_l2_in52_out16_ep50_full_merged_spatial_split_spf0p8_sc20_ss42,40.0,4.0,0.9127771672350884,0.0515696803627362,0.0392873524587391,0.0087541218089477,,gru_metrics,,,,,,,
gru_l3_seed40_ep50_full_merged_spf0p8_sc20_ss42,gru_l3_in52_out16_ep50_full_merged_spatial_split_spf0p8_sc20_ss42,40.0,4.0,0.9070848959210244,0.0537494854873441,0.0407032739548456,0.0044843208522583,,gru_metrics,,,,,,,
gru_ablation_revin_scheduler_t001_seed40_full_merged,gru_l2_in52_out16_ep50_full_merged,40.0,5.0,0.8944096959024139,0.0572091127692761,0.0422941265684185,-0.1030910321126964,,gru_metrics,,,,,,,
gru_ablation_revin_scheduler_t002_seed40_full_merged,gru_l2_in52_out16_ep50_full_merged,40.0,5.0,0.8952733510675883,0.057503145542622,0.0444279790440679,0.0091484744221372,,gru_metrics,,,,,,,
gru_ablation_revin_scheduler_t003_seed40_full_merged,gru_l2_in52_out16_ep50_full_merged,40.0,5.0,0.8944096959024139,0.0572091127692761,0.0422941265684185,-0.1030910321126964,,gru_metrics,,,,,,,
gru_ablation_revin_scheduler_t004_seed40_full_merged,gru_l2_in52_out16_ep50_full_merged,40.0,5.0,0.8952733510675883,0.057503145542622,0.0444279790440679,0.0091484744221372,,gru_metrics,,,,,,,
in52_out16_ep1_bs4096_seed40_full_merged_spf0p5_sc20_ss42,gru_l1_in52_out16_ep1_full_merged_spatial_split_spf0p5_sc20_ss42,40.0,5.0,-0.9953481168722952,0.2810820061856177,0.2191925048828125,-0.1095048516921419,,gru_metrics,,,,,,,
in52_out16_ep50_bs4096_stat1_seed40_full_merged_spf0p8_sc20_ss42,gru_l1_in52_out16_ep1_full_merged_spatial_split_spf0p8_sc20_ss42,40.0,5.0,-8.365500187512826,0.5585693785230388,0.4665024040988758,-0.6708869442863865,,gru_metrics,,,,,,,
in52_out16_ep2_bs4096_seed40_full_merged_spf0p5_sc20_ss42,gru_l1_in52_out16_ep2_full_merged_spatial_split_spf0p5_sc20_ss42,40.0,5.0,0.0644470258177996,0.1996137561058368,0.16001388330779,-0.0021260580126089,,gru_metrics,,,,,,,
in52_out16_ep5_bs4096_seed40_full_merged_spf0p5_sc20_ss42,gru_l1_in52_out16_ep5_full_merged_spatial_split_spf0p5_sc20_ss42,40.0,5.0,0.4498582532042652,0.1435628664699065,0.1164183730714058,-0.0705169482077903,,gru_metrics,,,,,,,
in52_out16_ep5_bs4096_seed40_full_merged_spf0p8_sc20_ss42,gru_l1_in52_out16_ep5_full_merged_spatial_split_spf0p8_sc20_ss42,40.0,5.0,0.3329128753457209,0.1555042408005235,0.1274098300477534,-0.0035107304478175,,gru_metrics,,,,,,,
gru_l1_seed40_ep50_full_merged_spf0p8_sc20_ss42,gru_l1_in52_out16_ep50_full_merged_spatial_split_spf0p8_sc20_ss42,40.0,5.0,0.880237928615795,0.0612671511856549,0.0472791452944536,0.0339494295342009,,gru_metrics,,,,,,,
in52_out16_ep50_bs4096_seed40_full_merged_r1_spf0p8_sc20_ss42,gru_l2_in52_out16_ep50_full_merged_r1_spatial_split_spf0p8_sc20_ss42,40.0,5.0,0.8944096959024139,0.0572091127692761,0.0422941265684185,-0.1030910321126964,,gru_metrics,,,,,,,
gru_l2_revin_seed40_ep50_full_merged_spf0p8_sc20_ss42,gru_l2_in52_out16_ep50_full_merged_spatial_split_spf0p8_sc20_ss42,40.0,5.0,0.8952733510675883,0.057503145542622,0.0444279790440679,0.0091484744221372,,gru_metrics,,,,,,,
gru_l2_seed40_ep50_full_merged_spf0p8_sc20_ss42,gru_l2_in52_out16_ep50_full_merged_spatial_split_spf0p8_sc20_ss42,40.0,5.0,0.8952733510675883,0.057503145542622,0.0444279790440679,0.0091484744221372,,gru_metrics,,,,,,,
gru_l3_seed40_ep50_full_merged_spf0p8_sc20_ss42,gru_l3_in52_out16_ep50_full_merged_spatial_split_spf0p8_sc20_ss42,40.0,5.0,0.8907955306582751,0.058696119518217,0.0446689490116003,0.0033892509243336,,gru_metrics,,,,,,,
gru_ablation_revin_scheduler_t001_seed40_full_merged,gru_l2_in52_out16_ep50_full_merged,40.0,6.0,0.8751312331239889,0.0619245445374938,0.0468534329236843,-0.1167595198053317,,gru_metrics,,,,,,,
gru_ablation_revin_scheduler_t002_seed40_full_merged,gru_l2_in52_out16_ep50_full_merged,40.0,6.0,0.8797734293503322,0.0620658434264127,0.0478241164962966,0.0088871837375067,,gru_metrics,,,,,,,
gru_ablation_revin_scheduler_t003_seed40_full_merged,gru_l2_in52_out16_ep50_full_merged,40.0,6.0,0.8751312331239889,0.0619245445374938,0.0468534329236843,-0.1167595198053317,,gru_metrics,,,,,,,
gru_ablation_revin_scheduler_t004_seed40_full_merged,gru_l2_in52_out16_ep50_full_merged,40.0,6.0,0.8797734293503322,0.0620658434264127,0.0478241164962966,0.0088871837375067,,gru_metrics,,,,,,,
in52_out16_ep1_bs4096_seed40_full_merged_spf0p5_sc20_ss42,gru_l1_in52_out16_ep1_full_merged_spatial_split_spf0p5_sc20_ss42,40.0,6.0,-1.219270107977129,0.2875873117277556,0.2242260344290847,0.050680128009976,,gru_metrics,,,,,,,
in52_out16_ep50_bs4096_stat1_seed40_full_merged_spf0p8_sc20_ss42,gru_l1_in52_out16_ep1_full_merged_spatial_split_spf0p8_sc20_ss42,40.0,6.0,-7.841369112563875,0.5181162376741082,0.437790272908918,-0.5027537696716448,,gru_metrics,,,,,,,
in52_out16_ep2_bs4096_seed40_full_merged_spf0p5_sc20_ss42,gru_l1_in52_out16_ep2_full_merged_spatial_split_spf0p5_sc20_ss42,40.0,6.0,-0.0301303562085357,0.2096614816546759,0.1684966292677883,0.1176712231375704,,gru_metrics,,,,,,,
in52_out16_ep5_bs4096_seed40_full_merged_spf0p5_sc20_ss42,gru_l1_in52_out16_ep5_full_merged_spatial_split_spf0p5_sc20_ss42,40.0,6.0,0.3624093722375776,0.1563806365319106,0.127205415205522,-0.0262959502056608,,gru_metrics,,,,,,,
in52_out16_ep5_bs4096_seed40_full_merged_spf0p8_sc20_ss42,gru_l1_in52_out16_ep5_full_merged_spatial_split_spf0p8_sc20_ss42,40.0,6.0,0.250774774726224,0.1647419479451365,0.1351750570050837,0.0437091204466004,,gru_metrics,,,,,,,
gru_l1_seed40_ep50_full_merged_spf0p8_sc20_ss42,gru_l1_in52_out16_ep50_full_merged_spatial_split_spf0p8_sc20_ss42,40.0,6.0,0.8630002172028794,0.0666740712811735,0.0516262962704613,0.0371766723879239,,gru_metrics,,,,,,,
in52_out16_ep50_bs4096_seed40_full_merged_r1_spf0p8_sc20_ss42,gru_l2_in52_out16_ep50_full_merged_r1_spatial_split_spf0p8_sc20_ss42,40.0,6.0,0.8751312331239889,0.0619245445374938,0.0468534329236843,-0.1167595198053317,,gru_metrics,,,,,,,
gru_l2_revin_seed40_ep50_full_merged_spf0p8_sc20_ss42,gru_l2_in52_out16_ep50_full_merged_spatial_split_spf0p8_sc20_ss42,40.0,6.0,0.8797734293503322,0.0620658434264127,0.0478241164962966,0.0088871837375067,,gru_metrics,,,,,,,
gru_l2_seed40_ep50_full_merged_spf0p8_sc20_ss42,gru_l2_in52_out16_ep50_full_merged_spatial_split_spf0p8_sc20_ss42,40.0,6.0,0.8797734293503322,0.0620658434264127,0.0478241164962966,0.0088871837375067,,gru_metrics,,,,,,,
gru_l3_seed40_ep50_full_merged_spf0p8_sc20_ss42,gru_l3_in52_out16_ep50_full_merged_spatial_split_spf0p8_sc20_ss42,40.0,6.0,0.872622071217344,0.0631985928546308,0.0486412213478253,0.0014460968352075,,gru_metrics,,,,,,,
gru_ablation_revin_scheduler_t001_seed40_full_merged,gru_l2_in52_out16_ep50_full_merged,40.0,7.0,0.85653397616247,0.0669414183802229,0.0507722582135881,-0.1289104794960194,,gru_metrics,,,,,,,
gru_ablation_revin_scheduler_t002_seed40_full_merged,gru_l2_in52_out16_ep50_full_merged,40.0,7.0,0.8638835593355085,0.0656545905522915,0.051208086086042,0.0056749605489263,,gru_metrics,,,,,,,
gru_ablation_revin_scheduler_t003_seed40_full_merged,gru_l2_in52_out16_ep50_full_merged,40.0,7.0,0.85653397616247,0.0669414183802229,0.0507722582135881,-0.1289104794960194,,gru_metrics,,,,,,,
gru_ablation_revin_scheduler_t004_seed40_full_merged,gru_l2_in52_out16_ep50_full_merged,40.0,7.0,0.8638835593355085,0.0656545905522915,0.051208086086042,0.0056749605489263,,gru_metrics,,,,,,,
in52_out16_ep1_bs4096_seed40_full_merged_spf0p5_sc20_ss42,gru_l1_in52_out16_ep1_full_merged_spatial_split_spf0p5_sc20_ss42,40.0,7.0,-1.482744771711403,0.3003117996793739,0.2352571076753607,0.1491255390831749,,gru_metrics,,,,,,,
in52_out16_ep50_bs4096_stat1_seed40_full_merged_spf0p8_sc20_ss42,gru_l1_in52_out16_ep1_full_merged_spatial_split_spf0p8_sc20_ss42,40.0,7.0,-7.3399993642997,0.5005189878815349,0.4050640672017512,-0.4020111701046196,,gru_metrics,,,,,,,
in52_out16_ep2_bs4096_seed40_full_merged_spf0p5_sc20_ss42,gru_l1_in52_out16_ep2_full_merged_spatial_split_spf0p5_sc20_ss42,40.0,7.0,-0.1327530383318174,0.2184405323511575,0.1749961524488823,0.178728443974637,,gru_metrics,,,,,,,
in52_out16_ep5_bs4096_seed40_full_merged_spf0p5_sc20_ss42,gru_l1_in52_out16_ep5_full_merged_spatial_split_spf0p5_sc20_ss42,40.0,7.0,0.2754223932436551,0.1676568905030036,0.137715024811229,-0.0163495613824521,,gru_metrics,,,,,,,
in52_out16_ep5_bs4096_seed40_full_merged_spf0p8_sc20_ss42,gru_l1_in52_out16_ep5_full_merged_spatial_split_spf0p8_sc20_ss42,40.0,7.0,0.1579030575028841,0.1738527688668269,0.1436785282700826,0.0581553440720654,,gru_metrics,,,,,,,
gru_l1_seed40_ep50_full_merged_spf0p8_sc20_ss42,gru_l1_in52_out16_ep50_full_merged_spatial_split_spf0p8_sc20_ss42,40.0,7.0,0.8488732744559839,0.0704510410664991,0.0547658137944869,0.0359453617750778,,gru_metrics,,,,,,,
in52_out16_ep50_bs4096_seed40_full_merged_r1_spf0p8_sc20_ss42,gru_l2_in52_out16_ep50_full_merged_r1_spatial_split_spf0p8_sc20_ss42,40.0,7.0,0.85653397616247,0.0669414183802229,0.0507722582135881,-0.1289104794960194,,gru_metrics,,,,,,,
gru_l2_revin_seed40_ep50_full_merged_spf0p8_sc20_ss42,gru_l2_in52_out16_ep50_full_merged_spatial_split_spf0p8_sc20_ss42,40.0,7.0,0.8638835593355085,0.0656545905522915,0.051208086086042,0.0056749605489263,,gru_metrics,,,,,,,
gru_l2_seed40_ep50_full_merged_spf0p8_sc20_ss42,gru_l2_in52_out16_ep50_full_merged_spatial_split_spf0p8_sc20_ss42,40.0,7.0,0.8638835593355085,0.0656545905522915,0.051208086086042,0.0056749605489263,,gru_metrics,,,,,,,
gru_l3_seed40_ep50_full_merged_spf0p8_sc20_ss42,gru_l3_in52_out16_ep50_full_merged_spatial_split_spf0p8_sc20_ss42,40.0,7.0,0.8574176047945133,0.0669054239750559,0.0516819148868709,0.0019088426705443,,gru_metrics,,,,,,,
gru_ablation_revin_scheduler_t001_seed40_full_merged,gru_l2_in52_out16_ep50_full_merged,40.0,8.0,0.8379860324930706,0.0714996541594983,0.0547008844681116,-0.1401559394804135,,gru_metrics,,,,,,,
gru_ablation_revin_scheduler_t002_seed40_full_merged,gru_l2_in52_out16_ep50_full_merged,40.0,8.0,0.8505030131040294,0.0692966888895598,0.0547843701911695,0.0034728902958829,,gru_metrics,,,,,,,
gru_ablation_revin_scheduler_t003_seed40_full_merged,gru_l2_in52_out16_ep50_full_merged,40.0,8.0,0.8379860324930706,0.0714996541594983,0.0547008844681116,-0.1401559394804135,,gru_metrics,,,,,,,
gru_ablation_revin_scheduler_t004_seed40_full_merged,gru_l2_in52_out16_ep50_full_merged,40.0,8.0,0.8505030131040294,0.0692966888895598,0.0547843701911695,0.0034728902958829,,gru_metrics,,,,,,,
in52_out16_ep1_bs4096_seed40_full_merged_spf0p5_sc20_ss42,gru_l1_in52_out16_ep1_full_merged_spatial_split_spf0p5_sc20_ss42,40.0,8.0,-1.722796271443888,0.317741611449101,0.2498277271763559,0.2026502126384967,,gru_metrics,,,,,,,
in52_out16_ep50_bs4096_stat1_seed40_full_merged_spf0p8_sc20_ss42,gru_l1_in52_out16_ep1_full_merged_spatial_split_spf0p8_sc20_ss42,40.0,8.0,-6.833889187477641,0.4851413090661755,0.3818344408245178,-0.374768293747552,,gru_metrics,,,,,,,
in52_out16_ep2_bs4096_seed40_full_merged_spf0p5_sc20_ss42,gru_l1_in52_out16_ep2_full_merged_spatial_split_spf0p5_sc20_ss42,40.0,8.0,-0.2425691057270214,0.2297665139434526,0.1851694572485234,0.2022562600157264,,gru_metrics,,,,,,,
in52_out16_ep5_bs4096_seed40_full_merged_spf0p5_sc20_ss42,gru_l1_in52_out16_ep5_full_merged_spatial_split_spf0p5_sc20_ss42,40.0,8.0,0.184848735017173,0.1798258293586449,0.1478334636779493,-0.0175580870230166,,gru_metrics,,,,,,,
in52_out16_ep5_bs4096_seed40_full_merged_spf0p8_sc20_ss42,gru_l1_in52_out16_ep5_full_merged_spatial_split_spf0p8_sc20_ss42,40.0,8.0,0.0654369323284524,0.1829282145932071,0.1509848781749962,0.0505811207468836,,gru_metrics,,,,,,,
gru_l1_seed40_ep50_full_merged_spf0p8_sc20_ss42,gru_l1_in52_out16_ep50_full_merged_spatial_split_spf0p8_sc20_ss42,40.0,8.0,0.8305242202798707,0.0740483524365225,0.0580797401857582,0.0364822644035972,,gru_metrics,,,,,,,
in52_out16_ep50_bs4096_seed40_full_merged_r1_spf0p8_sc20_ss42,gru_l2_in52_out16_ep50_full_merged_r1_spatial_split_spf0p8_sc20_ss42,40.0,8.0,0.8379860324930706,0.0714996541594983,0.0547008844681116,-0.1401559394804135,,gru_metrics,,,,,,,
gru_l2_revin_seed40_ep50_full_merged_spf0p8_sc20_ss42,gru_l2_in52_out16_ep50_full_merged_spatial_split_spf0p8_sc20_ss42,40.0,8.0,0.8505030131040294,0.0692966888895598,0.0547843701911695,0.0034728902958829,,gru_metrics,,,,,,,
gru_l2_seed40_ep50_full_merged_spf0p8_sc20_ss42,gru_l2_in52_out16_ep50_full_merged_spatial_split_spf0p8_sc20_ss42,40.0,8.0,0.8505030131040294,0.0692966888895598,0.0547843701911695,0.0034728902958829,,gru_metrics,,,,,,,
gru_l3_seed40_ep50_full_merged_spf0p8_sc20_ss42,gru_l3_in52_out16_ep50_full_merged_spatial_split_spf0p8_sc20_ss42,40.0,8.0,0.8428190832339206,0.0713118231952599,0.0553144768719033,0.0016674023821056,,gru_metrics,,,,,,,
gru_ablation_revin_scheduler_t001_seed40_full_merged,gru_l2_in52_out16_ep50_full_merged,40.0,9.0,0.8206365437346212,0.0758682334360477,0.057859874906994,-0.1491857762921528,,gru_metrics,,,,,,,
gru_ablation_revin_scheduler_t002_seed40_full_merged,gru_l2_in52_out16_ep50_full_merged,40.0,9.0,0.8355285721840976,0.0725344730047001,0.0574263205259909,0.0033042328904207,,gru_metrics,,,,,,,
gru_ablation_revin_scheduler_t003_seed40_full_merged,gru_l2_in52_out16_ep50_full_merged,40.0,9.0,0.8206365437346212,0.0758682334360477,0.057859874906994,-0.1491857762921528,,gru_metrics,,,,,,,
gru_ablation_revin_scheduler_t004_seed40_full_merged,gru_l2_in52_out16_ep50_full_merged,40.0,9.0,0.8355285721840976,0.0725344730047001,0.0574263205259909,0.0033042328904207,,gru_metrics,,,,,,,
in52_out16_ep1_bs4096_seed40_full_merged_spf0p5_sc20_ss42,gru_l1_in52_out16_ep1_full_merged_spatial_split_spf0p5_sc20_ss42,40.0,9.0,-2.0228914073776765,0.3323603377034977,0.2611326829098058,0.2244336570026532,,gru_metrics,,,,,,,
in52_out16_ep50_bs4096_stat1_seed40_full_merged_spf0p8_sc20_ss42,gru_l1_in52_out16_ep1_full_merged_spatial_split_spf0p8_sc20_ss42,40.0,9.0,-6.460038610744056,0.4731527627268021,0.368859843203896,-0.3472353867290474,,gru_metrics,,,,,,,
in52_out16_ep2_bs4096_seed40_full_merged_spf0p5_sc20_ss42,gru_l1_in52_out16_ep2_full_merged_spatial_split_spf0p5_sc20_ss42,40.0,9.0,-0.3488445186805167,0.2378240881376951,0.1934242613577956,0.1926205182371611,,gru_metrics,,,,,,,
in52_out16_ep5_bs4096_seed40_full_merged_spf0p5_sc20_ss42,gru_l1_in52_out16_ep5_full_merged_spatial_split_spf0p5_sc20_ss42,40.0,9.0,0.1062226353731427,0.1914595559582801,0.1569136295592385,-0.0307879260958118,,gru_metrics,,,,,,,
in52_out16_ep5_bs4096_seed40_full_merged_spf0p8_sc20_ss42,gru_l1_in52_out16_ep5_full_merged_spatial_split_spf0p8_sc20_ss42,40.0,9.0,-0.0246346146997751,0.1934926880597664,0.1584115553130373,0.0427968736317035,,gru_metrics,,,,,,,
gru_l1_seed40_ep50_full_merged_spf0p8_sc20_ss42,gru_l1_in52_out16_ep50_full_merged_spatial_split_spf0p8_sc20_ss42,40.0,9.0,0.8108200916254764,0.0777364663571828,0.0615169310466551,0.0372224136590043,,gru_metrics,,,,,,,
in52_out16_ep50_bs4096_seed40_full_merged_r1_spf0p8_sc20_ss42,gru_l2_in52_out16_ep50_full_merged_r1_spatial_split_spf0p8_sc20_ss42,40.0,9.0,0.8206365437346212,0.0758682334360477,0.057859874906994,-0.1491857762921528,,gru_metrics,,,,,,,
gru_l2_revin_seed40_ep50_full_merged_spf0p8_sc20_ss42,gru_l2_in52_out16_ep50_full_merged_spatial_split_spf0p8_sc20_ss42,40.0,9.0,0.8355285721840976,0.0725344730047001,0.0574263205259909,0.0033042328904207,,gru_metrics,,,,,,,
gru_l2_seed40_ep50_full_merged_spf0p8_sc20_ss42,gru_l2_in52_out16_ep50_full_merged_spatial_split_spf0p8_sc20_ss42,40.0,9.0,0.8355285721840976,0.0725344730047001,0.0574263205259909,0.0033042328904207,,gru_metrics,,,,,,,
gru_l3_seed40_ep50_full_merged_spf0p8_sc20_ss42,gru_l3_in52_out16_ep50_full_merged_spatial_split_spf0p8_sc20_ss42,40.0,9.0,0.8271103597270237,0.0747618468700209,0.0581676103335954,0.0008663086411113,,gru_metrics,,,,,,,
gru_ablation_revin_scheduler_t001_seed40_full_merged,gru_l2_in52_out16_ep50_full_merged,40.0,10.0,0.8045880917216457,0.0797318361622432,0.0607703568099381,-0.1573695622632275,,gru_metrics,,,,,,,
gru_ablation_revin_scheduler_t002_seed40_full_merged,gru_l2_in52_out16_ep50_full_merged,40.0,10.0,0.8219428921917346,0.0755773292522333,0.0599476702801592,0.0028186407678973,,gru_metrics,,,,,,,
gru_ablation_revin_scheduler_t003_seed40_full_merged,gru_l2_in52_out16_ep50_full_merged,40.0,10.0,0.8045880917216457,0.0797318361622432,0.0607703568099381,-0.1573695622632275,,gru_metrics,,,,,,,
gru_ablation_revin_scheduler_t004_seed40_full_merged,gru_l2_in52_out16_ep50_full_merged,40.0,10.0,0.8219428921917346,0.0755773292522333,0.0599476702801592,0.0028186407678973,,gru_metrics,,,,,,,
in52_out16_ep1_bs4096_seed40_full_merged_spf0p5_sc20_ss42,gru_l1_in52_out16_ep1_full_merged_spatial_split_spf0p5_sc20_ss42,40.0,10.0,-2.1683325478532733,0.3467455417527866,0.2781733280163632,0.2112583467329893,,gru_metrics,,,,,,,
in52_out16_ep50_bs4096_stat1_seed40_full_merged_spf0p8_sc20_ss42,gru_l1_in52_out16_ep1_full_merged_spatial_split_spf0p8_sc20_ss42,40.0,10.0,-6.084807225264823,0.4767361729091749,0.368436028512471,-0.3522700506640909,,gru_metrics,,,,,,,
in52_out16_ep2_bs4096_seed40_full_merged_spf0p5_sc20_ss42,gru_l1_in52_out16_ep2_full_merged_spatial_split_spf0p5_sc20_ss42,40.0,10.0,-0.3918268872524932,0.2448996621602346,0.1991769525993383,0.1652505345571107,,gru_metrics,,,,,,,
in52_out16_ep5_bs4096_seed40_full_merged_spf0p5_sc20_ss42,gru_l1_in52_out16_ep5_full_merged_spatial_split_spf0p5_sc20_ss42,40.0,10.0,0.0369606847900587,0.2010059046748139,0.164334466012471,-0.0588601628885684,,gru_metrics,,,,,,,
in52_out16_ep5_bs4096_seed40_full_merged_spf0p8_sc20_ss42,gru_l1_in52_out16_ep5_full_merged_spatial_split_spf0p8_sc20_ss42,40.0,10.0,-0.1263532252795811,0.2027364312221206,0.1665720049844404,0.0380088853593868,,gru_metrics,,,,,,,
gru_l1_seed40_ep50_full_merged_spf0p8_sc20_ss42,gru_l1_in52_out16_ep50_full_merged_spatial_split_spf0p8_sc20_ss42,40.0,10.0,0.7952224567613324,0.0808595817338159,0.0644568736419017,0.0394486600445026,,gru_metrics,,,,,,,
in52_out16_ep50_bs4096_seed40_full_merged_r1_spf0p8_sc20_ss42,gru_l2_in52_out16_ep50_full_merged_r1_spatial_split_spf0p8_sc20_ss42,40.0,10.0,0.8045880917216457,0.0797318361622432,0.0607703568099381,-0.1573695622632275,,gru_metrics,,,,,,,
gru_l2_revin_seed40_ep50_full_merged_spf0p8_sc20_ss42,gru_l2_in52_out16_ep50_full_merged_spatial_split_spf0p8_sc20_ss42,40.0,10.0,0.8219428921917346,0.0755773292522333,0.0599476702801592,0.0028186407678973,,gru_metrics,,,,,,,
gru_l2_seed40_ep50_full_merged_spf0p8_sc20_ss42,gru_l2_in52_out16_ep50_full_merged_spatial_split_spf0p8_sc20_ss42,40.0,10.0,0.8219428921917346,0.0755773292522333,0.0599476702801592,0.0028186407678973,,gru_metrics,,,,,,,
gru_l3_seed40_ep50_full_merged_spf0p8_sc20_ss42,gru_l3_in52_out16_ep50_full_merged_spatial_split_spf0p8_sc20_ss42,40.0,10.0,0.8137384872913211,0.0784500599769465,0.061274276667343,-0.0006549157757261,,gru_metrics,,,,,,,
gru_ablation_revin_scheduler_t001_seed40_full_merged,gru_l2_in52_out16_ep50_full_merged,40.0,11.0,0.7873347199257976,0.0829875050455901,0.0634494798007981,-0.1635816239472865,,gru_metrics,,,,,,,
gru_ablation_revin_scheduler_t002_seed40_full_merged,gru_l2_in52_out16_ep50_full_merged,40.0,11.0,0.8096289967725854,0.0790758262736064,0.0625336221802286,0.0017948503051906,,gru_metrics,,,,,,,
gru_ablation_revin_scheduler_t003_seed40_full_merged,gru_l2_in52_out16_ep50_full_merged,40.0,11.0,0.7873347199257976,0.0829875050455901,0.0634494798007981,-0.1635816239472865,,gru_metrics,,,,,,,
gru_ablation_revin_scheduler_t004_seed40_full_merged,gru_l2_in52_out16_ep50_full_merged,40.0,11.0,0.8096289967725854,0.0790758262736064,0.0625336221802286,0.0017948503051906,,gru_metrics,,,,,,,
in52_out16_ep1_bs4096_seed40_full_merged_spf0p5_sc20_ss42,gru_l1_in52_out16_ep1_full_merged_spatial_split_spf0p5_sc20_ss42,40.0,11.0,-2.386092502895163,0.364259781580857,0.2925465597490375,0.1950537287441858,,gru_metrics,,,,,,,
in52_out16_ep50_bs4096_stat1_seed40_full_merged_spf0p8_sc20_ss42,gru_l1_in52_out16_ep1_full_merged_spatial_split_spf0p8_sc20_ss42,40.0,11.0,-6.147188340637941,0.4775989404878307,0.3673180575576125,-0.3476110513383031,,gru_metrics,,,,,,,
in52_out16_ep2_bs4096_seed40_full_merged_spf0p5_sc20_ss42,gru_l1_in52_out16_ep2_full_merged_spatial_split_spf0p5_sc20_ss42,40.0,11.0,-0.4843352285447708,0.2531597532194913,0.2052323920875075,0.13623399409282,,gru_metrics,,,,,,,
in52_out16_ep5_bs4096_seed40_full_merged_spf0p5_sc20_ss42,gru_l1_in52_out16_ep5_full_merged_spatial_split_spf0p5_sc20_ss42,40.0,11.0,-0.0719185701587328,0.2108379328255098,0.1719255219235945,-0.0983306302465568,,gru_metrics,,,,,,,
in52_out16_ep5_bs4096_seed40_full_merged_spf0p8_sc20_ss42,gru_l1_in52_out16_ep5_full_merged_spatial_split_spf0p8_sc20_ss42,40.0,11.0,-0.227753225593027,0.2127752265218511,0.173982063548987,0.0186228656320841,,gru_metrics,,,,,,,
gru_l1_seed40_ep50_full_merged_spf0p8_sc20_ss42,gru_l1_in52_out16_ep50_full_merged_spatial_split_spf0p8_sc20_ss42,40.0,11.0,0.7825845304735375,0.0839047489697517,0.0669177331965723,0.0398992011732621,,gru_metrics,,,,,,,
in52_out16_ep50_bs4096_seed40_full_merged_r1_spf0p8_sc20_ss42,gru_l2_in52_out16_ep50_full_merged_r1_spatial_split_spf0p8_sc20_ss42,40.0,11.0,0.7873347199257976,0.0829875050455901,0.0634494798007981,-0.1635816239472865,,gru_metrics,,,,,,,
gru_l2_revin_seed40_ep50_full_merged_spf0p8_sc20_ss42,gru_l2_in52_out16_ep50_full_merged_spatial_split_spf0p8_sc20_ss42,40.0,11.0,0.8096289967725854,0.0790758262736064,0.0625336221802286,0.0017948503051906,,gru_metrics,,,,,,,
gru_l2_seed40_ep50_full_merged_spf0p8_sc20_ss42,gru_l2_in52_out16_ep50_full_merged_spatial_split_spf0p8_sc20_ss42,40.0,11.0,0.8096289967725854,0.0790758262736064,0.0625336221802286,0.0017948503051906,,gru_metrics,,,,,,,
gru_l3_seed40_ep50_full_merged_spf0p8_sc20_ss42,gru_l3_in52_out16_ep50_full_merged_spatial_split_spf0p8_sc20_ss42,40.0,11.0,0.7982961190095215,0.081107642553848,0.0633631619540127,0.0003488169855464,,gru_metrics,,,,,,,
gru_ablation_revin_scheduler_t001_seed40_full_merged,gru_l2_in52_out16_ep50_full_merged,40.0,12.0,0.7719285119556692,0.0866479134437513,0.0661564616413859,-0.169836448706741,,gru_metrics,,,,,,,
gru_ablation_revin_scheduler_t002_seed40_full_merged,gru_l2_in52_out16_ep50_full_merged,40.0,12.0,0.7991366410871756,0.0818351058892361,0.0646677058496516,0.0018834943871614,,gru_metrics,,,,,,,
gru_ablation_revin_scheduler_t003_seed40_full_merged,gru_l2_in52_out16_ep50_full_merged,40.0,12.0,0.7719285119556692,0.0866479134437513,0.0661564616413859,-0.169836448706741,,gru_metrics,,,,,,,
gru_ablation_revin_scheduler_t004_seed40_full_merged,gru_l2_in52_out16_ep50_full_merged,40.0,12.0,0.7991366410871756,0.0818351058892361,0.0646677058496516,0.0018834943871614,,gru_metrics,,,,,,,
in52_out16_ep1_bs4096_seed40_full_merged_spf0p5_sc20_ss42,gru_l1_in52_out16_ep1_full_merged_spatial_split_spf0p5_sc20_ss42,40.0,12.0,-2.5862294501580334,0.3752123012879736,0.3053775860362075,0.1208574475123918,,gru_metrics,,,,,,,
in52_out16_ep50_bs4096_stat1_seed40_full_merged_spf0p8_sc20_ss42,gru_l1_in52_out16_ep1_full_merged_spatial_split_spf0p8_sc20_ss42,40.0,12.0,-6.360450232530483,0.4947954345996158,0.3847663915898811,-0.3731727574632757,,gru_metrics,,,,,,,
in52_out16_ep2_bs4096_seed40_full_merged_spf0p5_sc20_ss42,gru_l1_in52_out16_ep2_full_merged_spatial_split_spf0p5_sc20_ss42,40.0,12.0,-0.5651194066413665,0.2603740267757429,0.2066936310398521,0.0870514425905742,,gru_metrics,,,,,,,
in52_out16_ep5_bs4096_seed40_full_merged_spf0p5_sc20_ss42,gru_l1_in52_out16_ep5_full_merged_spatial_split_spf0p5_sc20_ss42,40.0,12.0,-0.1973586255923651,0.2215053284242382,0.1820187722666982,-0.1423937468125694,,gru_metrics,,,,,,,
in52_out16_ep5_bs4096_seed40_full_merged_spf0p8_sc20_ss42,gru_l1_in52_out16_ep5_full_merged_spatial_split_spf0p8_sc20_ss42,40.0,12.0,-0.3408277783764968,0.2226589030120812,0.1821290340149801,-0.0154398384011433,,gru_metrics,,,,,,,
gru_l1_seed40_ep50_full_merged_spf0p8_sc20_ss42,gru_l1_in52_out16_ep50_full_merged_spatial_split_spf0p8_sc20_ss42,40.0,12.0,0.7714428922447937,0.0866363295808198,0.0687067106172635,0.0410781873767649,,gru_metrics,,,,,,,
in52_out16_ep50_bs4096_seed40_full_merged_r1_spf0p8_sc20_ss42,gru_l2_in52_out16_ep50_full_merged_r1_spatial_split_spf0p8_sc20_ss42,40.0,12.0,0.7719285119556692,0.0866479134437513,0.0661564616413859,-0.169836448706741,,gru_metrics,,,,,,,
gru_l2_revin_seed40_ep50_full_merged_spf0p8_sc20_ss42,gru_l2_in52_out16_ep50_full_merged_spatial_split_spf0p8_sc20_ss42,40.0,12.0,0.7991366410871756,0.0818351058892361,0.0646677058496516,0.0018834943871614,,gru_metrics,,,,,,,
gru_l2_seed40_ep50_full_merged_spf0p8_sc20_ss42,gru_l2_in52_out16_ep50_full_merged_spatial_split_spf0p8_sc20_ss42,40.0,12.0,0.7991366410871756,0.0818351058892361,0.0646677058496516,0.0018834943871614,,gru_metrics,,,,,,,
gru_l3_seed40_ep50_full_merged_spf0p8_sc20_ss42,gru_l3_in52_out16_ep50_full_merged_spatial_split_spf0p8_sc20_ss42,40.0,12.0,0.7849766095511281,0.0840192629232518,0.0658953530447823,0.0038395890550164,,gru_metrics,,,,,,,
gru_ablation_revin_scheduler_t001_seed40_full_merged,gru_l2_in52_out16_ep50_full_merged,40.0,13.0,0.7578872992152759,0.0896400688711953,0.0680972342883353,-0.1737744189098678,,gru_metrics,,,,,,,
gru_ablation_revin_scheduler_t002_seed40_full_merged,gru_l2_in52_out16_ep50_full_merged,40.0,13.0,0.7904121003211634,0.0845366397278802,0.0670602806718834,0.002740187838883,,gru_metrics,,,,,,,
gru_ablation_revin_scheduler_t003_seed40_full_merged,gru_l2_in52_out16_ep50_full_merged,40.0,13.0,0.7578872992152759,0.0896400688711953,0.0680972342883353,-0.1737744189098678,,gru_metrics,,,,,,,
gru_ablation_revin_scheduler_t004_seed40_full_merged,gru_l2_in52_out16_ep50_full_merged,40.0,13.0,0.7904121003211634,0.0845366397278802,0.0670602806718834,0.002740187838883,,gru_metrics,,,,,,,
in52_out16_ep1_bs4096_seed40_full_merged_spf0p5_sc20_ss42,gru_l1_in52_out16_ep1_full_merged_spatial_split_spf0p5_sc20_ss42,40.0,13.0,-2.715941344580326,0.3894029357630406,0.314131029484945,0.063177363949658,,gru_metrics,,,,,,,
in52_out16_ep50_bs4096_stat1_seed40_full_merged_spf0p8_sc20_ss42,gru_l1_in52_out16_ep1_full_merged_spatial_split_spf0p8_sc20_ss42,40.0,13.0,-6.675815995322141,0.5304016890151909,0.4197240765585283,-0.4294895977580611,,gru_metrics,,,,,,,
in52_out16_ep2_bs4096_seed40_full_merged_spf0p5_sc20_ss42,gru_l1_in52_out16_ep2_full_merged_spatial_split_spf0p5_sc20_ss42,40.0,13.0,-0.6643708271726154,0.2654443451713853,0.2094626540772652,0.0324624258238549,,gru_metrics,,,,,,,
in52_out16_ep5_bs4096_seed40_full_merged_spf0p5_sc20_ss42,gru_l1_in52_out16_ep5_full_merged_spatial_split_spf0p5_sc20_ss42,40.0,13.0,-0.350289053712437,0.2323892481743883,0.1925285854978424,-0.1883642139492248,,gru_metrics,,,,,,,
in52_out16_ep5_bs4096_seed40_full_merged_spf0p8_sc20_ss42,gru_l1_in52_out16_ep5_full_merged_spatial_split_spf0p8_sc20_ss42,40.0,13.0,-0.4557346840666787,0.232532459185563,0.1901644930314789,-0.0395363043550415,,gru_metrics,,,,,,,
gru_l1_seed40_ep50_full_merged_spf0p8_sc20_ss42,gru_l1_in52_out16_ep50_full_merged_spatial_split_spf0p8_sc20_ss42,40.0,13.0,0.7585724765186985,0.0896255478761368,0.0712681229496415,0.0420503948901482,,gru_metrics,,,,,,,
in52_out16_ep50_bs4096_seed40_full_merged_r1_spf0p8_sc20_ss42,gru_l2_in52_out16_ep50_full_merged_r1_spatial_split_spf0p8_sc20_ss42,40.0,13.0,0.7578872992152759,0.0896400688711953,0.0680972342883353,-0.1737744189098678,,gru_metrics,,,,,,,
gru_l2_revin_seed40_ep50_full_merged_spf0p8_sc20_ss42,gru_l2_in52_out16_ep50_full_merged_spatial_split_spf0p8_sc20_ss42,40.0,13.0,0.7904121003211634,0.0845366397278802,0.0670602806718834,0.002740187838883,,gru_metrics,,,,,,,
gru_l2_seed40_ep50_full_merged_spf0p8_sc20_ss42,gru_l2_in52_out16_ep50_full_merged_spatial_split_spf0p8_sc20_ss42,40.0,13.0,0.7904121003211634,0.0845366397278802,0.0670602806718834,0.002740187838883,,gru_metrics,,,,,,,
gru_l3_seed40_ep50_full_merged_spf0p8_sc20_ss42,gru_l3_in52_out16_ep50_full_merged_spatial_split_spf0p8_sc20_ss42,40.0,13.0,0.7716894729741476,0.0856866549947455,0.0674166493601613,0.0010588538293467,,gru_metrics,,,,,,,
gru_ablation_revin_scheduler_t001_seed40_full_merged,gru_l2_in52_out16_ep50_full_merged,40.0,14.0,0.7448558866734356,0.0926256375445856,0.0699856085178656,-0.1792807472139575,,gru_metrics,,,,,,,
gru_ablation_revin_scheduler_t002_seed40_full_merged,gru_l2_in52_out16_ep50_full_merged,40.0,14.0,0.780856401472646,0.0869346813485346,0.0688839784432283,0.0006008209073712,,gru_metrics,,,,,,,
gru_ablation_revin_scheduler_t003_seed40_full_merged,gru_l2_in52_out16_ep50_full_merged,40.0,14.0,0.7448558866734356,0.0926256375445856,0.0699856085178656,-0.1792807472139575,,gru_metrics,,,,,,,
gru_ablation_revin_scheduler_t004_seed40_full_merged,gru_l2_in52_out16_ep50_full_merged,40.0,14.0,0.780856401472646,0.0869346813485346,0.0688839784432283,0.0006008209073712,,gru_metrics,,,,,,,
in52_out16_ep1_bs4096_seed40_full_merged_spf0p5_sc20_ss42,gru_l1_in52_out16_ep1_full_merged_spatial_split_spf0p5_sc20_ss42,40.0,14.0,-2.8753834933872,0.4047108209081666,0.3247439188249943,-0.0033284551788229,,gru_metrics,,,,,,,
in52_out16_ep50_bs4096_stat1_seed40_full_merged_spf0p8_sc20_ss42,gru_l1_in52_out16_ep1_full_merged_spatial_split_spf0p8_sc20_ss42,40.0,14.0,-6.728408396726413,0.5598104209083472,0.4466877439946078,-0.4890918634850136,,gru_metrics,,,,,,,
in52_out16_ep2_bs4096_seed40_full_merged_spf0p5_sc20_ss42,gru_l1_in52_out16_ep2_full_merged_spatial_split_spf0p5_sc20_ss42,40.0,14.0,-0.819276348896314,0.2725443497028034,0.2178085546174117,-0.0316728698052514,,gru_metrics,,,,,,,
in52_out16_ep5_bs4096_seed40_full_merged_spf0p5_sc20_ss42,gru_l1_in52_out16_ep5_full_merged_spatial_split_spf0p5_sc20_ss42,40.0,14.0,-0.5102413097500402,0.2465996017292147,0.2035449999941593,-0.2365348418066591,,gru_metrics,,,,,,,
in52_out16_ep5_bs4096_seed40_full_merged_spf0p8_sc20_ss42,gru_l1_in52_out16_ep5_full_merged_spatial_split_spf0p8_sc20_ss42,40.0,14.0,-0.5867127915144925,0.2430781883014055,0.1974153838089208,-0.083891429299069,,gru_metrics,,,,,,,
gru_l1_seed40_ep50_full_merged_spf0p8_sc20_ss42,gru_l1_in52_out16_ep50_full_merged_spatial_split_spf0p8_sc20_ss42,40.0,14.0,0.7459543895690907,0.0918145952240682,0.0734036433232295,0.0468283963245604,,gru_metrics,,,,,,,
in52_out16_ep50_bs4096_seed40_full_merged_r1_spf0p8_sc20_ss42,gru_l2_in52_out16_ep50_full_merged_r1_spatial_split_spf0p8_sc20_ss42,40.0,14.0,0.7448558866734356,0.0926256375445856,0.0699856085178656,-0.1792807472139575,,gru_metrics,,,,,,,
gru_l2_revin_seed40_ep50_full_merged_spf0p8_sc20_ss42,gru_l2_in52_out16_ep50_full_merged_spatial_split_spf0p8_sc20_ss42,40.0,14.0,0.780856401472646,0.0869346813485346,0.0688839784432283,0.0006008209073712,,gru_metrics,,,,,,,
gru_l2_seed40_ep50_full_merged_spf0p8_sc20_ss42,gru_l2_in52_out16_ep50_full_merged_spatial_split_spf0p8_sc20_ss42,40.0,14.0,0.780856401472646,0.0869346813485346,0.0688839784432283,0.0006008209073712,,gru_metrics,,,,,,,
gru_l3_seed40_ep50_full_merged_spf0p8_sc20_ss42,gru_l3_in52_out16_ep50_full_merged_spatial_split_spf0p8_sc20_ss42,40.0,14.0,0.7584898616443682,0.0880785979605357,0.0690981051622531,0.0027762212306574,,gru_metrics,,,,,,,
gru_ablation_revin_scheduler_t001_seed40_full_merged,gru_l2_in52_out16_ep50_full_merged,40.0,15.0,0.7338471591204005,0.0948723239877995,0.0718565111036424,-0.1806638666911987,,gru_metrics,,,,,,,
gru_ablation_revin_scheduler_t002_seed40_full_merged,gru_l2_in52_out16_ep50_full_merged,40.0,15.0,0.7741162710956349,0.0891646079823692,0.0706039032378754,0.0017926144253919,,gru_metrics,,,,,,,
gru_ablation_revin_scheduler_t003_seed40_full_merged,gru_l2_in52_out16_ep50_full_merged,40.0,15.0,0.7338471591204005,0.0948723239877995,0.0718565111036424,-0.1806638666911987,,gru_metrics,,,,,,,
gru_ablation_revin_scheduler_t004_seed40_full_merged,gru_l2_in52_out16_ep50_full_merged,40.0,15.0,0.7741162710956349,0.0891646079823692,0.0706039032378754,0.0017926144253919,,gru_metrics,,,,,,,
in52_out16_ep1_bs4096_seed40_full_merged_spf0p5_sc20_ss42,gru_l1_in52_out16_ep1_full_merged_spatial_split_spf0p5_sc20_ss42,40.0,15.0,-3.200137491664517,0.4248268902496746,0.3426711707594292,-0.0947573598519431,,gru_metrics,,,,,,,
in52_out16_ep50_bs4096_stat1_seed40_full_merged_spf0p8_sc20_ss42,gru_l1_in52_out16_ep1_full_merged_spatial_split_spf0p8_sc20_ss42,40.0,15.0,-7.384561963646059,0.6018121642431438,0.4920651924096796,-0.6576053659829322,,gru_metrics,,,,,,,
in52_out16_ep2_bs4096_seed40_full_merged_spf0p5_sc20_ss42,gru_l1_in52_out16_ep2_full_merged_spatial_split_spf0p5_sc20_ss42,40.0,15.0,-0.9677428254465116,0.2844401930910655,0.2251169305098684,-0.1082540250561296,,gru_metrics,,,,,,,
in52_out16_ep5_bs4096_seed40_full_merged_spf0p5_sc20_ss42,gru_l1_in52_out16_ep5_full_merged_spatial_split_spf0p5_sc20_ss42,40.0,15.0,-0.6766859779547207,0.2608831692514858,0.214821409380607,-0.2972800863429025,,gru_metrics,,,,,,,
in52_out16_ep5_bs4096_seed40_full_merged_spf0p8_sc20_ss42,gru_l1_in52_out16_ep5_full_merged_spatial_split_spf0p8_sc20_ss42,40.0,15.0,-0.744067246516273,0.2547839493631818,0.2056723188555412,-0.1207800866577256,,gru_metrics,,,,,,,
gru_l1_seed40_ep50_full_merged_spf0p8_sc20_ss42,gru_l1_in52_out16_ep50_full_merged_spatial_split_spf0p8_sc20_ss42,40.0,15.0,0.7332314402515592,0.0935180619091059,0.0753414992130163,0.0525178018256181,,gru_metrics,,,,,,,
in52_out16_ep50_bs4096_seed40_full_merged_r1_spf0p8_sc20_ss42,gru_l2_in52_out16_ep50_full_merged_r1_spatial_split_spf0p8_sc20_ss42,40.0,15.0,0.7338471591204005,0.0948723239877995,0.0718565111036424,-0.1806638666911987,,gru_metrics,,,,,,,
gru_l2_revin_seed40_ep50_full_merged_spf0p8_sc20_ss42,gru_l2_in52_out16_ep50_full_merged_spatial_split_spf0p8_sc20_ss42,40.0,15.0,0.7741162710956349,0.0891646079823692,0.0706039032378754,0.0017926144253919,,gru_metrics,,,,,,,
gru_l2_seed40_ep50_full_merged_spf0p8_sc20_ss42,gru_l2_in52_out16_ep50_full_merged_spatial_split_spf0p8_sc20_ss42,40.0,15.0,0.7741162710956349,0.0891646079823692,0.0706039032378754,0.0017926144253919,,gru_metrics,,,,,,,
gru_l3_seed40_ep50_full_merged_spf0p8_sc20_ss42,gru_l3_in52_out16_ep50_full_merged_spatial_split_spf0p8_sc20_ss42,40.0,15.0,0.7438386138498787,0.0904394371060919,0.0710494301535866,0.0037764244283005,,gru_metrics,,,,,,,
gru_ablation_revin_scheduler_t001_seed40_full_merged,gru_l2_in52_out16_ep50_full_merged,40.0,16.0,0.7216758550806841,0.0968788065514132,0.0733597743046748,-0.1819548789853226,,gru_metrics,,,,,,,
gru_ablation_revin_scheduler_t002_seed40_full_merged,gru_l2_in52_out16_ep50_full_merged,40.0,16.0,0.7618427168939582,0.0914191417613703,0.0718075310513054,0.0029656606344657,,gru_metrics,,,,,,,
gru_ablation_revin_scheduler_t003_seed40_full_merged,gru_l2_in52_out16_ep50_full_merged,40.0,16.0,0.7216758550806841,0.0968788065514132,0.0733597743046748,-0.1819548789853226,,gru_metrics,,,,,,,
gru_ablation_revin_scheduler_t004_seed40_full_merged,gru_l2_in52_out16_ep50_full_merged,40.0,16.0,0.7618427168939582,0.0914191417613703,0.0718075310513054,0.0029656606344657,,gru_metrics,,,,,,,
in52_out16_ep1_bs4096_seed40_full_merged_spf0p5_sc20_ss42,gru_l1_in52_out16_ep1_full_merged_spatial_split_spf0p5_sc20_ss42,40.0,16.0,-3.5628008535097537,0.4515223897166087,0.3612571789317154,-0.1849620818545971,,gru_metrics,,,,,,,
in52_out16_ep50_bs4096_stat1_seed40_full_merged_spf0p8_sc20_ss42,gru_l1_in52_out16_ep1_full_merged_spatial_split_spf0p8_sc20_ss42,40.0,16.0,-8.705027558676996,0.6525854399507108,0.5337905632822137,-0.8166862398189362,,gru_metrics,,,,,,,
in52_out16_ep2_bs4096_seed40_full_merged_spf0p5_sc20_ss42,gru_l1_in52_out16_ep2_full_merged_spatial_split_spf0p5_sc20_ss42,40.0,16.0,-1.1159732101929012,0.296633202790006,0.2351307663620944,-0.197186132918174,,gru_metrics,,,,,,,
in52_out16_ep5_bs4096_seed40_full_merged_spf0p5_sc20_ss42,gru_l1_in52_out16_ep5_full_merged_spatial_split_spf0p5_sc20_ss42,40.0,16.0,-0.916134244353406,0.2752698851367993,0.2275994953356291,-0.3565686123205892,,gru_metrics,,,,,,,
in52_out16_ep5_bs4096_seed40_full_merged_spf0p8_sc20_ss42,gru_l1_in52_out16_ep5_full_merged_spatial_split_spf0p8_sc20_ss42,40.0,16.0,-0.8611400768476767,0.2676281647824758,0.2148762205571078,-0.1597997817687308,,gru_metrics,,,,,,,
gru_l1_seed40_ep50_full_merged_spf0p8_sc20_ss42,gru_l1_in52_out16_ep50_full_merged_spatial_split_spf0p8_sc20_ss42,40.0,16.0,0.7205995679049069,0.0959934842030078,0.0766681159213507,0.0570340250609714,,gru_metrics,,,,,,,
in52_out16_ep50_bs4096_seed40_full_merged_r1_spf0p8_sc20_ss42,gru_l2_in52_out16_ep50_full_merged_r1_spatial_split_spf0p8_sc20_ss42,40.0,16.0,0.7216758550806841,0.0968788065514132,0.0733597743046748,-0.1819548789853226,,gru_metrics,,,,,,,
gru_l2_revin_seed40_ep50_full_merged_spf0p8_sc20_ss42,gru_l2_in52_out16_ep50_full_merged_spatial_split_spf0p8_sc20_ss42,40.0,16.0,0.7618427168939582,0.0914191417613703,0.0718075310513054,0.0029656606344657,,gru_metrics,,,,,,,
gru_l2_seed40_ep50_full_merged_spf0p8_sc20_ss42,gru_l2_in52_out16_ep50_full_merged_spatial_split_spf0p8_sc20_ss42,40.0,16.0,0.7618427168939582,0.0914191417613703,0.0718075310513054,0.0029656606344657,,gru_metrics,,,,,,,
gru_l3_seed40_ep50_full_merged_spf0p8_sc20_ss42,gru_l3_in52_out16_ep50_full_merged_spatial_split_spf0p8_sc20_ss42,40.0,16.0,0.7346263889161824,0.0928330876764365,0.0727679925563531,0.0053470884775467,,gru_metrics,,,,,,,
gru_small_grid_v1_t001_seed40_full_merged,,,,,,,,,gru_hpo,1.0,ok,0.2513870982778711,2.0,96.0,0.3,0.0001
gru_small_grid_v1_t002_seed40_full_merged,,,,,,,,,gru_hpo,2.0,ok,0.2521911479899351,3.0,128.0,0.1,0.0001
gru_small_grid_v1_t003_seed40_full_merged,,,,,,,,,gru_hpo,3.0,ok,0.2216163617859508,2.0,192.0,0.2,0.0003
gru_small_grid_v1_t004_seed40_full_merged,,,,,,,,,gru_hpo,4.0,ok,0.2280871869618116,3.0,192.0,0.2,0.0003
gru_small_grid_v1_t005_seed40_full_merged,,,,,,,,,gru_hpo,5.0,ok,0.2583570009002858,2.0,96.0,0.2,0.001
gru_small_grid_v1_t006_seed40_full_merged,,,,,,,,,gru_hpo,6.0,ok,0.2460797094768265,2.0,128.0,0.1,0.0001
gru_small_grid_v1_t007_seed40_full_merged,,,,,,,,,gru_hpo,7.0,ok,0.2628401879270396,3.0,192.0,0.2,0.001
gru_small_grid_v1_t008_seed40_full_merged,,,,,,,,,gru_hpo,8.0,ok,0.2467344039296694,3.0,96.0,0.1,0.001
gru_small_grid_v1_t009_seed40_full_merged,,,,,,,,,gru_hpo,9.0,ok,0.2610403877080315,1.0,128.0,0.3,0.0001
gru_small_grid_v1_t010_seed40_full_merged,,,,,,,,,gru_hpo,10.0,ok,0.2239165263514372,2.0,96.0,0.2,0.0001
gru_small_grid_v1_t011_seed40_full_merged,,,,,,,,,gru_hpo,11.0,ok,0.2188875408310781,2.0,192.0,0.3,0.001
gru_small_grid_v1_t012_seed40_full_merged,,,,,,,,,gru_hpo,12.0,ok,0.2342922749136698,2.0,192.0,0.2,0.001
