horizon,run,run_sig,NSE,RMSE
1,gru_l1_in52_out16_ep50_full_merged,gru_small_grid_v1_t009_seed40_full_merged,0.971180808565726,0.028293151655252834
1,gru_l2_in52_out16_ep50_full_merged,gru_ablation_revin_scheduler_t001_seed40_full_merged,0.9796907056242274,0.02431759497557954
1,gru_l2_in52_out16_ep50_full_merged,gru_ablation_revin_scheduler_t002_seed40_full_merged,0.9734052889056549,0.026965510848574573
1,gru_l2_in52_out16_ep50_full_merged,gru_ablation_revin_scheduler_t003_seed40_full_merged,0.9796907056242274,0.02431759497557954
1,gru_l2_in52_out16_ep50_full_merged,gru_ablation_revin_scheduler_t004_seed40_full_merged,0.9734052889056549,0.026965510848574573
1,gru_l2_in52_out16_ep50_full_merged,gru_small_grid_v1_t001_seed40_full_merged,0.9730664197117128,0.02705354174874458
1,gru_l2_in52_out16_ep50_full_merged,gru_small_grid_v1_t003_seed40_full_merged,0.9717615505671033,0.02777641128560293
1,gru_l2_in52_out16_ep50_full_merged,gru_small_grid_v1_t005_seed40_full_merged,0.9720974644835337,0.027718737928175478
1,gru_l2_in52_out16_ep50_full_merged,gru_small_grid_v1_t006_seed40_full_merged,0.9721501655786419,0.027559104805239702
1,gru_l2_in52_out16_ep50_full_merged,gru_small_grid_v1_t010_seed40_full_merged,0.9753858852207242,0.026145440987342707
1,gru_l2_in52_out16_ep50_full_merged,gru_small_grid_v1_t011_seed40_full_merged,0.9661741368560249,0.03007328103242748
1,gru_l2_in52_out16_ep50_full_merged,gru_small_grid_v1_t012_seed40_full_merged,0.9677704535814612,0.02999581147041793
1,gru_l2_in52_out16_ep50_full_merged,gru_small_grid_v2_t002_seed40_full_merged,0.9710654018161043,0.027937991821632605
1,gru_l2_in52_out16_ep50_full_merged,gru_small_grid_v2_t004_seed40_full_merged,0.9693661482525273,0.02876922063930447
1,gru_l2_in52_out16_ep50_full_merged,gru_small_grid_v2_t008_seed40_full_merged,0.97121581882681,0.028596510815247413
1,gru_l2_in52_out16_ep50_full_merged,gru_small_grid_v2_t010_seed40_full_merged,0.9717120893142733,0.02765375810516575
1,gru_l3_in52_out16_ep50_full_merged,gru_small_grid_v1_t002_seed40_full_merged,0.9704844712502753,0.028479633685058094
1,gru_l3_in52_out16_ep50_full_merged,gru_small_grid_v1_t004_seed40_full_merged,0.9735331708852145,0.026887313732394096
1,gru_l3_in52_out16_ep50_full_merged,gru_small_grid_v1_t007_seed40_full_merged,0.9611769342959464,0.031733499587999044
1,gru_l3_in52_out16_ep50_full_merged,gru_small_grid_v1_t008_seed40_full_merged,0.968690899507855,0.02914903507193191
1,gru_l3_in52_out16_ep50_full_merged,gru_small_grid_v2_t003_seed40_full_merged,0.9735331708852145,0.026887313732394096
1,gru_l3_in52_out16_ep50_full_merged,gru_small_grid_v2_t006_seed40_full_merged,0.9675075075866301,0.029918692543603007
1,gru_l3_in52_out16_ep50_full_merged,gru_small_grid_v2_t007_seed40_full_merged,0.9655984239707186,0.030938896466437618
1,gru_l3_in52_out16_ep50_full_merged,gru_small_grid_v2_t011_seed40_full_merged,0.9655286873040629,0.030845015944938686
1,gru_l4_in52_out16_ep50_full_merged,gru_small_grid_v2_t001_seed40_full_merged,0.9679353839620133,0.029271435264055252
1,gru_l4_in52_out16_ep50_full_merged,gru_small_grid_v2_t005_seed40_full_merged,0.9699827949864148,0.02823759824214403
1,gru_l4_in52_out16_ep50_full_merged,gru_small_grid_v2_t009_seed40_full_merged,0.9619723102153324,0.03194097512094975
1,gru_l4_in52_out16_ep50_full_merged,gru_small_grid_v2_t012_seed40_full_merged,0.9686692699473061,0.02875403712053647
8,gru_l1_in52_out16_ep50_full_merged,gru_small_grid_v1_t009_seed40_full_merged,0.8207384035729581,0.07492399401450311
8,gru_l2_in52_out16_ep50_full_merged,gru_ablation_revin_scheduler_t001_seed40_full_merged,0.8379860324930706,0.07149965415949834
8,gru_l2_in52_out16_ep50_full_merged,gru_ablation_revin_scheduler_t002_seed40_full_merged,0.8505030131040294,0.06929668888955988
8,gru_l2_in52_out16_ep50_full_merged,gru_ablation_revin_scheduler_t003_seed40_full_merged,0.8379860324930706,0.07149965415949834
8,gru_l2_in52_out16_ep50_full_merged,gru_ablation_revin_scheduler_t004_seed40_full_merged,0.8505030131040294,0.06929668888955988
8,gru_l2_in52_out16_ep50_full_merged,gru_small_grid_v1_t001_seed40_full_merged,0.8410195022455127,0.0705539366870789
8,gru_l2_in52_out16_ep50_full_merged,gru_small_grid_v1_t003_seed40_full_merged,0.8515368732810942,0.06777468900382205
8,gru_l2_in52_out16_ep50_full_merged,gru_small_grid_v1_t005_seed40_full_merged,0.8350915407391096,0.07173932606437453
8,gru_l2_in52_out16_ep50_full_merged,gru_small_grid_v1_t006_seed40_full_merged,0.8334715871260756,0.07050530746237425
8,gru_l2_in52_out16_ep50_full_merged,gru_small_grid_v1_t010_seed40_full_merged,0.8406014560433048,0.06976042291216782
8,gru_l2_in52_out16_ep50_full_merged,gru_small_grid_v1_t011_seed40_full_merged,0.8272718299603292,0.07233994537114853
8,gru_l2_in52_out16_ep50_full_merged,gru_small_grid_v1_t012_seed40_full_merged,0.8338784479846213,0.07310072495137492
8,gru_l2_in52_out16_ep50_full_merged,gru_small_grid_v2_t002_seed40_full_merged,0.8351445774847188,0.06949917801544492
8,gru_l2_in52_out16_ep50_full_merged,gru_small_grid_v2_t004_seed40_full_merged,0.830689230207873,0.0716017095690444
8,gru_l2_in52_out16_ep50_full_merged,gru_small_grid_v2_t008_seed40_full_merged,0.8528954080421522,0.06771395449715567
8,gru_l2_in52_out16_ep50_full_merged,gru_small_grid_v2_t010_seed40_full_merged,0.8501220437469766,0.06951849526644398
8,gru_l3_in52_out16_ep50_full_merged,gru_small_grid_v1_t002_seed40_full_merged,0.8367905384671716,0.07173871343589214
8,gru_l3_in52_out16_ep50_full_merged,gru_small_grid_v1_t004_seed40_full_merged,0.8573174796389945,0.06721390961223749
8,gru_l3_in52_out16_ep50_full_merged,gru_small_grid_v1_t007_seed40_full_merged,0.8017908501451252,0.0764254268956962
8,gru_l3_in52_out16_ep50_full_merged,gru_small_grid_v1_t008_seed40_full_merged,0.8476113837433761,0.0685048248979527
8,gru_l3_in52_out16_ep50_full_merged,gru_small_grid_v2_t003_seed40_full_merged,0.8573174796389945,0.06721390961223749
8,gru_l3_in52_out16_ep50_full_merged,gru_small_grid_v2_t006_seed40_full_merged,0.8340033376604233,0.07339588692914462
8,gru_l3_in52_out16_ep50_full_merged,gru_small_grid_v2_t007_seed40_full_merged,0.838164434241883,0.06954305699644053
8,gru_l3_in52_out16_ep50_full_merged,gru_small_grid_v2_t011_seed40_full_merged,0.8239723458158048,0.07446363038704588
8,gru_l4_in52_out16_ep50_full_merged,gru_small_grid_v2_t001_seed40_full_merged,0.8537590365150003,0.06762992687327474
8,gru_l4_in52_out16_ep50_full_merged,gru_small_grid_v2_t005_seed40_full_merged,0.8526554905621935,0.06711797349199028
8,gru_l4_in52_out16_ep50_full_merged,gru_small_grid_v2_t009_seed40_full_merged,0.8264886405633862,0.07359233880475417
8,gru_l4_in52_out16_ep50_full_merged,gru_small_grid_v2_t012_seed40_full_merged,0.8600894563019861,0.06467426038434021
16,gru_l1_in52_out16_ep50_full_merged,gru_small_grid_v1_t009_seed40_full_merged,0.7031200058275748,0.10019506879717449
16,gru_l2_in52_out16_ep50_full_merged,gru_ablation_revin_scheduler_t001_seed40_full_merged,0.7216758550806841,0.09687880655141329
16,gru_l2_in52_out16_ep50_full_merged,gru_ablation_revin_scheduler_t002_seed40_full_merged,0.7618427168939582,0.09141914176137032
16,gru_l2_in52_out16_ep50_full_merged,gru_ablation_revin_scheduler_t003_seed40_full_merged,0.7216758550806841,0.09687880655141329
16,gru_l2_in52_out16_ep50_full_merged,gru_ablation_revin_scheduler_t004_seed40_full_merged,0.7618427168939582,0.09141914176137032
16,gru_l2_in52_out16_ep50_full_merged,gru_small_grid_v1_t001_seed40_full_merged,0.7241574719429844,0.09408205821673077
16,gru_l2_in52_out16_ep50_full_merged,gru_small_grid_v1_t003_seed40_full_merged,0.7548770892589388,0.08900434468994174
16,gru_l2_in52_out16_ep50_full_merged,gru_small_grid_v1_t005_seed40_full_merged,0.7228434431912665,0.0958009445333568
16,gru_l2_in52_out16_ep50_full_merged,gru_small_grid_v1_t006_seed40_full_merged,0.7117635827433375,0.09406520340389558
16,gru_l2_in52_out16_ep50_full_merged,gru_small_grid_v1_t010_seed40_full_merged,0.7307964547012017,0.09465413799192925
16,gru_l2_in52_out16_ep50_full_merged,gru_small_grid_v1_t011_seed40_full_merged,0.7254338831467964,0.09614335011034
16,gru_l2_in52_out16_ep50_full_merged,gru_small_grid_v1_t012_seed40_full_merged,0.7274474991160955,0.09647438977662051
16,gru_l2_in52_out16_ep50_full_merged,gru_small_grid_v2_t002_seed40_full_merged,0.7314289373160824,0.09190426545128265
16,gru_l2_in52_out16_ep50_full_merged,gru_small_grid_v2_t004_seed40_full_merged,0.708733147165213,0.09733157748463753
16,gru_l2_in52_out16_ep50_full_merged,gru_small_grid_v2_t008_seed40_full_merged,0.7504227091171912,0.09096812505495218
16,gru_l2_in52_out16_ep50_full_merged,gru_small_grid_v2_t010_seed40_full_merged,0.7386286150306254,0.09093523792866302
16,gru_l3_in52_out16_ep50_full_merged,gru_small_grid_v1_t002_seed40_full_merged,0.729005979490315,0.09363711696858842
16,gru_l3_in52_out16_ep50_full_merged,gru_small_grid_v1_t004_seed40_full_merged,0.7543364393040601,0.08981838517031716
16,gru_l3_in52_out16_ep50_full_merged,gru_small_grid_v1_t007_seed40_full_merged,0.6940776748278998,0.09802350761178091
16,gru_l3_in52_out16_ep50_full_merged,gru_small_grid_v1_t008_seed40_full_merged,0.7317612584761468,0.09280138676935062
16,gru_l3_in52_out16_ep50_full_merged,gru_small_grid_v2_t003_seed40_full_merged,0.7543364393040601,0.08981838517031716
16,gru_l3_in52_out16_ep50_full_merged,gru_small_grid_v2_t006_seed40_full_merged,0.725318486170466,0.09481165282282804
16,gru_l3_in52_out16_ep50_full_merged,gru_small_grid_v2_t007_seed40_full_merged,0.7337147562132524,0.09232405983896107
16,gru_l3_in52_out16_ep50_full_merged,gru_small_grid_v2_t011_seed40_full_merged,0.7116141092922101,0.09820876193772317
16,gru_l4_in52_out16_ep50_full_merged,gru_small_grid_v2_t001_seed40_full_merged,0.7567780195309961,0.08776214086916699
16,gru_l4_in52_out16_ep50_full_merged,gru_small_grid_v2_t005_seed40_full_merged,0.7607775115823477,0.0892432373218716
16,gru_l4_in52_out16_ep50_full_merged,gru_small_grid_v2_t009_seed40_full_merged,0.7071744172542747,0.09986376426910415
16,gru_l4_in52_out16_ep50_full_merged,gru_small_grid_v2_t012_seed40_full_merged,0.7575100340265488,0.0867861071262909
