trial,run_sig,objective,train_s,trained_epochs,NSE_weighted_mean_h1_16,NSE_mean_h1_16,RMSE_mean_h1_16,RMSE_weighted_mean_h1_16,NSE_h16_plotstyle,RMSE_h16_plotstyle,MAE_h16_plotstyle,status,eval_s,elapsed_s,error,hp.model.gru_dropout,hp.model.gru_hidden,hp.model.gru_layers,hp.training.lr,hpo_name,hp.model.use_revin,hp.training.lr_scheduler.enabled
4.0,gru_small_grid_v3_t004_seed40_full_merged,0.2428449037785725,2436.553,14.0,0.8425256838387546,0.85580777392784,0.06423346288786726,0.0676344698492347,0.7575100340265488,0.0867861071262909,0.06926387109797755,ok,246.521,2683.077,,0.2,192.0,4.0,0.0004,gru_small_grid_v3,,
,in52_out16_ep50_bs4096_seed40_full_merged_r0_s0_spf0p8_sc20_ss42,,,14.0,0.8425256838387546,0.85580777392784,0.06423346288786726,0.0676344698492347,0.7575100340265488,0.0867861071262909,0.06926387109797755,,,,,,,,,,,
5.0,gru_small_refine_v4_t005_seed40_full_merged,0.2428449037785725,2429.576,14.0,0.8425256838387546,0.85580777392784,0.06423346288786726,0.0676344698492347,0.7575100340265488,0.0867861071262909,0.06926387109797755,ok,235.293,2664.872,,0.2,192.0,4.0,0.0004,gru_small_refine_v4,,
12.0,gru_small_grid_v2_t012_seed40_full_merged,0.2428449037785725,2413.864,14.0,0.8425256838387546,0.85580777392784,0.06423346288786726,0.0676344698492347,0.7575100340265488,0.0867861071262909,0.06926387109797755,ok,284.898,2698.765,,0.2,192.0,4.0,0.0004,gru_small_grid_v2,,
4.0,gru_small_grid_v1_t004_seed40_full_merged,0.2280871869618116,2277.341,17.0,0.8412904394384446,0.8548802320936884,0.06563495934546316,0.06932023768274936,0.7543364393040601,0.08981838517031716,0.07155419221688143,ok,258.577,2535.921,,0.2,192.0,3.0,0.0003,gru_small_grid_v1,,
3.0,gru_small_grid_v2_t003_seed40_full_merged,0.2280871869618116,2313.834,17.0,0.8412904394384446,0.8548802320936884,0.06563495934546316,0.06932023768274936,0.7543364393040601,0.08981838517031716,0.07155419221688143,ok,237.365,2551.202,,0.2,192.0,3.0,0.0003,gru_small_grid_v2,,
5.0,gru_small_grid_v2_t005_seed40_full_merged,0.2290918360569006,1271.852,21.0,0.8405670822678065,0.8535436820964102,0.06554715187766601,0.06911477771533586,0.7607775115823477,0.0892432373218716,0.0710868670310809,ok,234.376,1506.231,,0.2,256.0,4.0,0.0002,gru_small_grid_v2,,
,in52_out16_ep50_bs2048_seed40_full_merged_r0_s0_spf0p8_sc20_ss42,,,17.0,0.84002187907825,0.8528633421204289,0.06632013035869047,0.06982828600019557,0.760808750285663,0.08919195445390751,0.07168354513325216,,,,,,,,,,,
8.0,gru_small_refine_v4_t008_seed40_full_merged,0.2393595388019057,1194.489,20.0,0.8398871776445586,0.8525092674425998,0.06703078326860759,0.07044842992501804,0.7623546718494715,0.08968420651249656,0.07166729551373106,ok,265.878,1460.369,,0.2,160.0,4.0,0.00035,gru_small_refine_v4,,
11.0,gru_small_grid_v3_t011_seed40_full_merged,0.2393595388019057,1206.734,20.0,0.8398871776445586,0.8525092674425998,0.06703078326860759,0.07044842992501804,0.7623546718494715,0.08968420651249656,0.07166729551373106,ok,273.177,1479.914,,0.2,160.0,4.0,0.00035,gru_small_grid_v3,,
7.0,gru_small_refine_v4_t007_seed40_full_merged,0.2239427004401138,2274.317,14.0,0.8391842177363614,0.8520535405688879,0.06681565635020299,0.0702922186226019,0.7588477877396603,0.089111695105479,0.07152719105476942,ok,237.203,2511.522,,0.2,176.0,4.0,0.0004,gru_small_refine_v4,,
,gru_l4_h256_bs4096_seed42_ep50,,,16.0,0.8391399584200182,0.852092911339783,0.0666567480283274,0.070155096380827,0.7544720728949562,0.09111323094507266,0.07236229702507779,,,,,,,,,,,
,gru_l4_h256_bs4096_seed41_ep50,,,19.0,0.8390384677477041,0.8520197544180258,0.06804676765070147,0.07168413779763014,0.7549877777469656,0.09283579770678065,0.07335788346988298,,,,,,,,,,,
3.0,gru_small_refine_v4_t003_seed40_full_merged,0.2453051637191828,2432.345,14.0,0.8389427189442337,0.8523928557513829,0.06584114606320593,0.06934702253938008,0.7537725906488255,0.08863153183325916,0.07034354189257601,ok,236.976,2669.324,,0.2,192.0,4.0,0.000375,gru_small_refine_v4,,
2.0,gru_ablation_revin_scheduler_t002_seed40_full_merged,0.2111706760644249,1245.775,33.0,0.8389291782275095,0.8519827754789031,0.06734676611682283,0.07106076621325182,0.7618427168939582,0.09141914176137032,0.07180753105130547,ok,222.859,1468.637,,,,,,gru_ablation_revin_scheduler,False,True
4.0,gru_ablation_revin_scheduler_t004_seed40_full_merged,0.2111706760644249,1243.623,33.0,0.8389291782275095,0.8519827754789031,0.06734676611682283,0.07106076621325182,0.7618427168939582,0.09141914176137032,0.07180753105130547,ok,231.732,1475.358,,,,,,gru_ablation_revin_scheduler,False,False
,gru_l2_revin_seed40_ep50_full_merged_spf0p8_sc20_ss42,,,33.0,0.8389291782275095,0.8519827754789031,0.06734676611682283,0.07106076621325182,0.7618427168939582,0.09141914176137032,0.07180753105130547,,,,,,,,,,,
,gru_l2_seed40_ep50_full_merged_spf0p8_sc20_ss42,,,33.0,0.8389291782275095,0.8519827754789031,0.06734676611682283,0.07106076621325182,0.7618427168939582,0.09141914176137032,0.07180753105130547,,,,,,,,,,,
3.0,gru_small_grid_v1_t003_seed40_full_merged,0.2216163617859508,1970.072,20.0,0.8387599758748677,0.85221178702371,0.06577122804876068,0.06931161379779112,0.7548770892589388,0.08900434468994174,0.06999069478088643,ok,235.512,2205.587,,0.2,192.0,2.0,0.0003,gru_small_grid_v1,,
,in52_out16_ep50_bs4096_seed40_full_merged_r0_s0_spf0p9_sc20_ss42,,,14.0,0.8386921834629127,0.8514960979739103,0.06703327118607845,0.07031431917083543,0.7585423278429562,0.08828577145315121,0.07013851017146916,,,,,,,,,,,
,gru_l4_h192_bs4096_seed42_ep50,,,13.0,0.8383723932071222,0.8515181132796024,0.06774653829640223,0.07132771571230638,0.7528238328289312,0.0924209535100577,0.07432826153643719,,,,,,,,,,,
1.0,gru_small_grid_v2_t001_seed40_full_merged,0.2303948749355118,2459.916,14.0,0.8379544085331506,0.8510832535783965,0.06602702078770392,0.06945497888513293,0.7567780195309961,0.08776214086916699,0.06990165215033989,ok,251.112,2711.056,,0.2,192.0,4.0,0.0003,gru_small_grid_v2,,
6.0,gru_small_grid_v3_t006_seed40_full_merged,0.2303948749355118,2456.273,14.0,0.8379544085331506,0.8510832535783965,0.06602702078770392,0.06945497888513293,0.7567780195309961,0.08776214086916699,0.06990165215033989,ok,243.807,2700.083,,0.2,192.0,4.0,0.0003,gru_small_grid_v3,,
8.0,gru_small_grid_v2_t008_seed40_full_merged,0.2610970108196803,635.646,16.0,0.8367775538273303,0.8504771078901636,0.06679237269860225,0.07046675825489883,0.7504227091171912,0.09096812505495218,0.07267430127957167,ok,222.259,857.908,,0.2,256.0,2.0,0.0003,gru_small_grid_v2,,
2.0,gru_small_refine_v4_t002_seed40_full_merged,0.2401268077999997,2254.017,13.0,0.8365476588350788,0.850013295067068,0.06554547256054766,0.06894667949565797,0.7505203974577839,0.08767638747625867,0.06977583319593818,ok,276.232,2530.252,,0.2,192.0,4.0,0.00035,gru_small_refine_v4,,
1.0,gru_small_grid_v3_t001_seed40_full_merged,0.2401268077999997,2264.105,13.0,0.8365476588350788,0.850013295067068,0.06554547256054766,0.06894667949565797,0.7505203974577839,0.08767638747625867,0.06977583319593818,ok,240.032,2504.201,,0.2,192.0,4.0,0.00035,gru_small_grid_v3,,
7.0,gru_small_grid_v3_t007_seed40_full_merged,0.2207296491891021,2583.954,12.0,0.8358060638778295,0.8488059979277527,0.06797978396255863,0.07155622991644027,0.7531852725011603,0.0922651650440608,0.07325320223193148,ok,248.719,2832.676,,0.2,192.0,5.0,0.0004,gru_small_grid_v3,,
5.0,gru_small_grid_v3_t005_seed40_full_merged,0.243149928026551,2726.37,13.0,0.8355739265568701,0.8489768090646997,0.06653281511698195,0.06995105449953525,0.7511136632811143,0.0900434618080059,0.07145894863904813,ok,285.885,3012.259,,0.2,192.0,5.0,0.0003,gru_small_grid_v3,,
4.0,gru_small_refine_v4_t004_seed40_full_merged,0.2381395907293347,2734.832,17.0,0.8331689174997328,0.8457593825345354,0.06876505489690013,0.07221121219198486,0.7559212430123669,0.09133450131762881,0.07187134053283956,ok,290.339,3025.175,,0.2,176.0,4.0,0.000375,gru_small_refine_v4,,
10.0,gru_small_grid_v2_t010_seed40_full_merged,0.2684607076243711,526.443,13.0,0.8328399433979391,0.8474373988131655,0.0672776674324149,0.07095770629406607,0.7386286150306254,0.09093523792866302,0.0732795913498123,ok,221.701,748.147,,0.2,256.0,2.0,0.0004,gru_small_grid_v2,,
1.0,gru_small_refine_v4_t001_seed40_full_merged,0.2657414557678317,2376.548,14.0,0.8301720834145608,0.8438034056841227,0.06854668468710698,0.07223093742113496,0.7497365764313331,0.09151344370535731,0.07228772051922687,ok,295.749,2672.339,,0.2,176.0,4.0,0.00035,gru_small_refine_v4,,
8.0,gru_small_grid_v1_t008_seed40_full_merged,0.2467344039296694,559.064,13.0,0.8295587219163267,0.8443019686264369,0.06750683481197932,0.07122090742053043,0.7317612584761468,0.09280138676935062,0.07336211101317303,ok,230.637,789.704,,0.1,96.0,3.0,0.001,gru_small_grid_v1,,
9.0,gru_small_grid_v3_t009_seed40_full_merged,0.2255349162705339,932.327,13.0,0.8290557490700294,0.8427185018121592,0.06909648939111558,0.07270109531943028,0.7453794733867991,0.09320643333412985,0.0748985752914891,ok,228.983,1161.314,,0.2,160.0,5.0,0.00035,gru_small_grid_v3,,
3.0,gru_small_grid_v3_t003_seed40_full_merged,0.2370708177032094,864.043,14.0,0.8278151727144438,0.8419447453627946,0.06868079141785678,0.07230860581211361,0.7362937464118766,0.09255072746378487,0.07497775915897253,ok,270.35,1134.396,,0.2,160.0,4.0,0.0004,gru_small_grid_v3,,
6.0,gru_small_refine_v4_t006_seed40_full_merged,0.2370708177032094,852.94,14.0,0.8278151727144438,0.8419447453627946,0.06868079141785678,0.07230860581211361,0.7362937464118766,0.09255072746378487,0.07497775915897253,ok,281.444,1134.387,,0.2,160.0,4.0,0.0004,gru_small_refine_v4,,
10.0,gru_small_grid_v3_t010_seed40_full_merged,0.2375229638778188,1269.823,21.0,0.8267499348052603,0.8401012002674233,0.06933188612577354,0.0728320768696735,0.745945630272404,0.09209500481896815,0.07304980125262107,ok,233.786,1503.613,,0.2,160.0,4.0,0.0003,gru_small_grid_v3,,
2.0,gru_small_grid_v3_t002_seed40_full_merged,0.2302948521733953,917.702,13.0,0.8256192334224725,0.8395439638219502,0.06968819150852151,0.07330529464992197,0.7382594537173601,0.09304098863470421,0.07489968171883456,ok,234.875,1152.581,,0.2,160.0,5.0,0.0004,gru_small_grid_v3,,
,gru_l3_seed40_ep50_full_merged_spf0p8_sc20_ss42,,,30.0,0.8255531566373445,0.840013031585801,0.06920645972825845,0.07286036043639092,0.7346263889161824,0.09283308767643651,0.07276799255635315,,,,,,,,,,,
10.0,gru_small_grid_v1_t010_seed40_full_merged,0.2239165263514372,1812.194,50.0,0.8250186795215849,0.8403176685430512,0.06829919617288424,0.07225085503696001,0.7307964547012017,0.09465413799192925,0.07584281194777716,ok,250.816,2063.012,,0.2,96.0,2.0,0.0001,gru_small_grid_v1,,
,in52_out16_ep50_bs8192_seed40_full_merged_r0_s0_spf0p8_sc20_ss42,,,16.0,0.8247276694400064,0.8393874641295195,0.0680287937819849,0.07180476634419064,0.7311420524521696,0.09502755377756954,0.075381528763544,,,,,,,,,,,
2.0,gru_small_grid_v2_t002_seed40_full_merged,0.2651402611680664,1241.874,29.0,0.8247220953716817,0.83926432948165,0.06795956512832287,0.07160890070392885,0.7314289373160824,0.09190426545128265,0.07312967870142553,ok,244.945,1486.823,,0.2,224.0,2.0,0.0002,gru_small_grid_v2,,
7.0,gru_small_grid_v2_t007_seed40_full_merged,0.2316776687671754,724.218,14.0,0.8243323348403501,0.8386969372485429,0.06853803478571895,0.07216911699763613,0.7337147562132524,0.09232405983896107,0.07401715006147112,ok,232.056,956.277,,0.2,256.0,3.0,0.0004,gru_small_grid_v2,,
,gru_l4_h192_bs4096_seed41_ep50,,,13.0,0.8239050811712113,0.8380371972492471,0.06960144774962576,0.07336517844468234,0.7392103317447232,0.09428676117289528,0.07463366025454038,,,,,,,,,,,
1.0,gru_small_grid_v1_t001_seed40_full_merged,0.2513870982778711,1794.947,50.0,0.8229362112362054,0.8383496995274303,0.0683919140126032,0.07226966332572529,0.7241574719429844,0.09408205821673077,0.07425441989650974,ok,232.248,2027.221,,0.3,96.0,2.0,0.0001,gru_small_grid_v1,,
2.0,gru_small_grid_v1_t002_seed40_full_merged,0.2521911479899351,1783.611,42.0,0.8222297052150637,0.8375361503541456,0.06934811437758251,0.07317523782400627,0.729005979490315,0.09363711696858842,0.07530329650614685,ok,246.051,2029.664,,0.1,128.0,3.0,0.0001,gru_small_grid_v1,,
8.0,gru_small_grid_v3_t008_seed40_full_merged,0.2287130608242336,1197.197,17.0,0.8222006609478174,0.836434985663135,0.06983419555978648,0.07351665861237912,0.7358876694143874,0.09414061504542905,0.0751783780721359,ok,277.612,1474.813,,0.2,160.0,5.0,0.0003,gru_small_grid_v3,,
1.0,gru_ablation_revin_scheduler_t001_seed40_full_merged,0.1612232790148093,846.884,21.0,0.8208399988569237,0.8371754417204925,0.06948862806869725,0.07378699849301144,0.7216758550806841,0.09687880655141329,0.07335977430467482,ok,229.706,1076.616,,,,,,gru_ablation_revin_scheduler,True,False
3.0,gru_ablation_revin_scheduler_t003_seed40_full_merged,0.1612232790148093,803.193,21.0,0.8208399988569237,0.8371754417204925,0.06948862806869725,0.07378699849301144,0.7216758550806841,0.09687880655141329,0.07335977430467482,ok,225.322,1028.519,,,,,,gru_ablation_revin_scheduler,True,True
,in52_out16_ep50_bs4096_seed40_full_merged_r1_spf0p8_sc20_ss42,,,21.0,0.8208399988569237,0.8371754417204925,0.06948862806869725,0.07378699849301144,0.7216758550806841,0.09687880655141329,0.07335977430467482,,,,,,,,,,,
12.0,gru_small_grid_v1_t012_seed40_full_merged,0.2342922749136698,1286.812,13.0,0.8198049392879815,0.8344474359098487,0.07131849879104253,0.07519840804025645,0.7274474991160955,0.09647438977662051,0.07667993983149013,ok,235.147,1521.962,,0.2,192.0,2.0,0.001,gru_small_grid_v1,,
5.0,gru_small_grid_v1_t005_seed40_full_merged,0.2583570009002858,575.467,15.0,0.8196418646646985,0.835101861650317,0.06951377848240413,0.07350064599247252,0.7228434431912665,0.0958009445333568,0.07558850705365598,ok,232.546,808.015,,0.2,96.0,2.0,0.001,gru_small_grid_v1,,
9.0,gru_small_refine_v4_t009_seed40_full_merged,0.228454848089898,1035.803,17.0,0.8195993071719322,0.8341730600769698,0.0710723395208245,0.07473203695359729,0.7304455500111879,0.0950536848639874,0.07499420694458536,ok,223.877,1259.684,,0.2,160.0,4.0,0.000375,gru_small_refine_v4,,
6.0,gru_small_grid_v2_t006_seed40_full_merged,0.2331020323876192,519.448,11.0,0.8181089945219325,0.8330592841635669,0.07084849337851082,0.07471064717353419,0.725318486170466,0.09481165282282804,0.07540578140324844,ok,227.938,747.389,,0.2,224.0,3.0,0.0005,gru_small_grid_v2,,
6.0,gru_small_grid_v1_t006_seed40_full_merged,0.2460797094768265,1844.533,50.0,0.8165397294353225,0.8329579168841913,0.06862322586664427,0.07250258509637651,0.7117635827433375,0.09406520340389558,0.07546042570304044,ok,227.675,2072.211,,0.1,128.0,2.0,0.0001,gru_small_grid_v1,,
11.0,gru_small_grid_v1_t011_seed40_full_merged,0.2188875408310781,1295.689,13.0,0.8146952590361671,0.829274651294502,0.07086774731332586,0.07471971710173635,0.7254338831467964,0.09614335011034,0.07557716204490496,ok,238.824,1534.516,,0.3,192.0,2.0,0.001,gru_small_grid_v1,,
,gru_l1_seed40_ep50_full_merged_spf0p8_sc20_ss42,,,37.0,0.8144787888080254,0.8297972082649534,0.07167242232727003,0.07551938526015615,0.7205995679049069,0.09599348420300785,0.07666811592135078,,,,,,,,,,,
12.0,gru_small_grid_v3_t012_seed40_full_merged,0.2469173144465141,3997.258,19.0,0.8134626777150177,0.8294671728457025,0.07160734244991755,0.07558384503675615,0.7076593910228837,0.09719721911200034,0.07847621636989313,ok,287.424,4284.685,,0.2,192.0,5.0,0.00035,gru_small_grid_v3,,
4.0,gru_small_grid_v2_t004_seed40_full_merged,0.231139509458691,530.461,13.0,0.812738918775966,0.8289305912267728,0.07034777206808279,0.07437192305907436,0.708733147165213,0.09733157748463753,0.07890077070756392,ok,264.335,794.8,,0.2,256.0,2.0,0.0005,gru_small_grid_v2,,
11.0,gru_small_grid_v2_t011_seed40_full_merged,0.2364536459420272,795.993,14.0,0.8100081785673456,0.8256883940260851,0.07251058384062602,0.07648008770735842,0.7116141092922101,0.09820876193772317,0.07801815544888055,ok,227.525,1023.522,,0.2,256.0,3.0,0.0005,gru_small_grid_v2,,
9.0,gru_small_grid_v2_t009_seed40_full_merged,0.2575511951616764,840.4,16.0,0.8072272754386107,0.8231551871617822,0.07277017514642292,0.07680911125371558,0.7071744172542747,0.09986376426910415,0.07733584482432444,ok,230.52,1070.923,,0.2,224.0,4.0,0.0004,gru_small_grid_v2,,
9.0,gru_small_grid_v1_t009_seed40_full_merged,0.2610403877080315,1804.257,50.0,0.8055786652866432,0.8221720648517161,0.07270223311047197,0.0768424211486964,0.7031200058275748,0.10019506879717449,0.07937816933636026,ok,226.627,2030.887,,0.3,128.0,1.0,0.0001,gru_small_grid_v1,,
7.0,gru_small_grid_v1_t007_seed40_full_merged,0.2628401879270396,1361.004,10.0,0.7933360355346252,0.8096093476469459,0.07353455501570025,0.07737801318375295,0.6940776748278998,0.09802350761178091,0.07832774042567134,ok,275.785,1636.792,,0.2,192.0,3.0,0.001,gru_small_grid_v1,,
,in52_out16_ep5_bs4096_seed40_full_merged_spf0p5_sc20_ss42,,,5.0,-0.03436548125591051,0.056148835538072,0.1866940106423816,0.19679008482500604,-0.916134244353406,0.2752698851367993,0.22759949533562912,,,,,,,,,,,
,in52_out16_ep5_bs4096_seed40_full_merged_spf0p8_sc20_ss42,,,5.0,-0.13310540165147883,-0.04488898592201834,0.19139729887820064,0.20010575786227877,-0.8611400768476767,0.2676281647824758,0.21487622055710787,,,,,,,,,,,
,in52_out16_ep2_bs4096_seed40_full_merged_spf0p5_sc20_ss42,,,2.0,-0.44557956951853317,-0.3830594641397278,0.2357414986015599,0.2421054506880996,-1.1159732101929012,0.29663320279000605,0.23513076636209443,,,,,,,,,,,
,in52_out16_ep1_bs4096_seed40_full_merged_spf0p5_sc20_ss42,,,1.0,-2.2385667004638337,-2.133775907818345,0.3387648115605628,0.3492445500862475,-3.5628008535097537,0.45152238971660874,0.3612571789317154,,,,,,,,,,,
,in52_out16_ep50_bs4096_stat1_seed40_full_merged_spf0p8_sc20_ss42,,,,-8.165041947753577,-8.653921723206633,0.5628922510508281,0.555872115165159,-8.705027558676996,0.6525854399507108,0.5337905632822137,,,,,,,,,,,
,in26_out4_ep1_bs128_seed40_sample_spf0p8_sc5_ss42,,,,,-192.05824742876152,3.130093665632373,,,,,,,,,,,,,,,
,in26_out4_ep1_bs4096_seed40_full_merged_spf0p5_sc20_ss42,,,1.0,,-0.6122242516921843,0.220792250075727,,,,,,,,,,,,,,,
,in26_out4_ep1_bs4096_seed40_sample_spf0p5_sc5_ss42,,,1.0,,-2909.789038132929,13.36588331118324,,,,,,,,,,,,,,,
