run_sig,gp_tag,split,frac,ss,ms,RMSE_pw,NSE_pw,nRMSE_pw,nRMSE_range_pw
in52_out16_ep50_bs4096_seed40_coloc_km_f95_ss42,multiseed_km_gps1,km,95,42,40,1.0632663896475418,-48.226353592384655,3.3968620593480208,0.6779308280223915
in52_out16_ep50_bs4096_seed40_coloc_km_f95_ss42,multiseed_km_gps2,km,95,42,40,1.0744447723728197,-44.43153847189061,3.229988639205608,0.6093471935624358
in52_out16_ep50_bs4096_seed40_coloc_km_f95_ss42,multiseed_km_gps3,km,95,42,40,0.9280245379724116,-45.80656069632769,3.521480517138692,0.5278277833285263
in52_out16_ep50_bs4096_seed40_coloc_km_f95_ss43,multiseed_km_gps1,km,95,43,40,1.3513689761652474,-48.446278420934455,3.578387769472334,0.8609342502259449
in52_out16_ep50_bs4096_seed40_coloc_km_f95_ss43,multiseed_km_gps2,km,95,43,40,1.326780540630529,-47.9555956354136,3.9999879761759294,0.9058907016139254
in52_out16_ep50_bs4096_seed40_coloc_km_f95_ss43,multiseed_km_gps3,km,95,43,40,1.3294793649795082,-49.33878297358058,3.9107853043036807,0.9137694071830017
in52_out16_ep50_bs4096_seed40_coloc_km_f95_ss44,multiseed_km_gps1,km,95,44,40,1.598656726263292,-108.01595377654264,3.694954198651285,0.9199333513251373
in52_out16_ep50_bs4096_seed40_coloc_km_f95_ss44,multiseed_km_gps2,km,95,44,40,1.615794989846103,-110.23124444871348,3.755457680140381,0.9136513060107202
in52_out16_ep50_bs4096_seed40_coloc_km_f95_ss44,multiseed_km_gps3,km,95,44,40,1.6120114437729005,-111.004629255353,3.769852146990301,0.96748417931609
in52_out16_ep50_bs4096_seed40_coloc_km_f95_ss45,multiseed_km_gps1,km,95,45,40,1.1125160760171142,-32.98161469840612,2.3076231669829674,0.6688105159914483
in52_out16_ep50_bs4096_seed40_coloc_km_f95_ss45,multiseed_km_gps2,km,95,45,40,1.3116436284393904,-38.09189099887986,2.710763886690903,0.7305526969897946
in52_out16_ep50_bs4096_seed40_coloc_km_f95_ss45,multiseed_km_gps3,km,95,45,40,1.2220628367889523,-37.92102491997545,2.471339317607963,0.7080211218080185
in52_out16_ep50_bs4096_seed40_coloc_km_f95_ss46,multiseed_km_gps1,km,95,46,40,1.5374319313661184,-70.40983512722272,4.739996060422293,1.0763848488915164
in52_out16_ep50_bs4096_seed40_coloc_km_f95_ss46,multiseed_km_gps2,km,95,46,40,1.5976497969682757,-76.11332220239258,4.659840259793278,1.1184998796037553
in52_out16_ep50_bs4096_seed40_coloc_km_f95_ss46,multiseed_km_gps3,km,95,46,40,1.4537503208857474,-73.70355427660166,4.737875413663208,1.022125750330348
in52_out16_ep50_bs4096_seed40_coloc_md10_f95_ss42,coloc_pilot,md10,95,42,40,1.3591515972731332,-82.9569527101527,4.31242092863198,0.9428427681025819
in52_out16_ep50_bs4096_seed40_coloc_md10_f95_ss43,coloc_pilot,md10,95,43,40,1.4504629297162834,-103.00176111602414,5.226587502905046,1.0339951527790814
in52_out16_ep50_bs4096_seed40_coloc_md20_f95_ss42,coloc_pilot,md20,95,42,40,1.2429956867687222,-52.83554558530224,3.2860523834017874,0.6295401127086824
in52_out16_ep50_bs4096_seed40_coloc_md20_f95_ss42,multiseed_md20_gps1,md20,95,42,40,1.202356701679053,-51.79832009783936,3.4917452841567007,0.6252468327416856
in52_out16_ep50_bs4096_seed40_coloc_md20_f95_ss42,multiseed_md20_gps2,md20,95,42,40,1.2350839514089795,-43.68933965456067,3.17087194566092,0.6073257968229472
in52_out16_ep50_bs4096_seed40_coloc_md20_f95_ss42,multiseed_md20_gps3,md20,95,42,40,1.2123531961727685,-46.96162304332093,3.322121021517958,0.6158611872729157
in52_out16_ep50_bs4096_seed40_coloc_md20_f95_ss43,coloc_pilot,md20,95,43,40,1.36349537714084,-61.80483067536949,3.547718774305716,0.596799611150002
in52_out16_ep50_bs4096_seed40_coloc_md20_f95_ss43,multiseed_md20_gps1,md20,95,43,40,1.3915819821546065,-67.35641345365447,3.5571297957116617,0.6461614438749059
in52_out16_ep50_bs4096_seed40_coloc_md20_f95_ss43,multiseed_md20_gps2,md20,95,43,40,1.37213126082977,-65.09316629894096,3.5606930842004063,0.6327007803717114
in52_out16_ep50_bs4096_seed40_coloc_md20_f95_ss43,multiseed_md20_gps3,md20,95,43,40,1.34250714046503,-60.52281515868248,3.4574152156514995,0.6061184011441756
in52_out16_ep50_bs4096_seed40_coloc_md20_f95_ss44,multiseed_md20_gps1,md20,95,44,40,1.0727383983413503,-37.66953204178851,3.1371757005464675,0.5793617666608485
in52_out16_ep50_bs4096_seed40_coloc_md20_f95_ss44,multiseed_md20_gps2,md20,95,44,40,1.0087088263619104,-34.42332269851767,2.9686510478519077,0.6011136439929536
in52_out16_ep50_bs4096_seed40_coloc_md20_f95_ss44,multiseed_md20_gps3,md20,95,44,40,1.0164766231180646,-33.13162399854003,2.9624173036144024,0.6010756693806563
in52_out16_ep50_bs4096_seed40_coloc_md20_f95_ss45,multiseed_md20_gps1,md20,95,45,40,0.973534873982195,-25.20487649851568,2.9910307750951466,0.6163590552760709
in52_out16_ep50_bs4096_seed40_coloc_md20_f95_ss45,multiseed_md20_gps2,md20,95,45,40,0.9101151839498004,-25.40264488635087,2.8970831742818604,0.6015357990544571
in52_out16_ep50_bs4096_seed40_coloc_md20_f95_ss45,multiseed_md20_gps3,md20,95,45,40,1.0421847899588716,-29.423710676901944,2.936053029380469,0.6064697561509975
in52_out16_ep50_bs4096_seed40_coloc_md20_f95_ss46,multiseed_md20_gps1,md20,95,46,40,1.072918920699765,-20.090116796843525,2.870900157196328,0.579383809940982
in52_out16_ep50_bs4096_seed40_coloc_md20_f95_ss46,multiseed_md20_gps2,md20,95,46,40,1.1440806206738827,-24.398537117097952,2.8993164419483795,0.5927002495530713
in52_out16_ep50_bs4096_seed40_coloc_md20_f95_ss46,multiseed_md20_gps3,md20,95,46,40,1.046352932831217,-19.72056141110957,2.8205059715464067,0.5955909336835441
in52_out16_ep50_bs4096_seed40_coloc_md20_f95_ss47,multiseed_md20_gps1,md20,95,47,40,1.3967543519259236,-46.78925144875264,3.1129632278670734,0.5916126182109739
in52_out16_ep50_bs4096_seed40_coloc_md20_f95_ss47,multiseed_md20_gps2,md20,95,47,40,1.3372032896954684,-59.96260321878897,3.649220905858625,0.7192451902346724
in52_out16_ep50_bs4096_seed40_coloc_md20_f95_ss47,multiseed_md20_gps3,md20,95,47,40,1.377235856352634,-50.245402332176624,3.616897254358603,0.642477617873904
in52_out16_ep50_bs4096_seed40_coloc_md20_f95_ss48,multiseed_md20_gps1,md20,95,48,40,1.40521669479701,-89.61140859949114,3.639487387096498,0.8132264044141289
in52_out16_ep50_bs4096_seed40_coloc_md20_f95_ss48,multiseed_md20_gps2,md20,95,48,40,1.417699376084376,-91.8404131215828,3.6780246101719785,0.8199412934447174
in52_out16_ep50_bs4096_seed40_coloc_md20_f95_ss48,multiseed_md20_gps3,md20,95,48,40,1.3829903685140796,-93.302527356498,3.6308049710429504,0.7794817099555624
in52_out16_ep50_bs4096_seed40_coloc_md20_f95_ss49,multiseed_md20_gps1,md20,95,49,40,1.2747182085558937,-55.98327036770954,3.5409405249283057,0.6477235844649011
in52_out16_ep50_bs4096_seed40_coloc_md20_f95_ss49,multiseed_md20_gps2,md20,95,49,40,1.2244752933482523,-46.93122173856656,3.426136462855826,0.63023331900739
in52_out16_ep50_bs4096_seed40_coloc_md20_f95_ss49,multiseed_md20_gps3,md20,95,49,40,1.243231569036444,-49.3845235430709,3.393131650588094,0.6346991444363633
in52_out16_ep50_bs4096_seed40_coloc_md20_f95_ss50,multiseed_md20_gps1,md20,95,50,40,1.1465955971350523,-19.523060255131597,2.655105310622865,0.5307429839374129
in52_out16_ep50_bs4096_seed40_coloc_md20_f95_ss50,multiseed_md20_gps2,md20,95,50,40,1.1671349664015054,-23.53255730339077,2.6643497242741683,0.5297271680855593
in52_out16_ep50_bs4096_seed40_coloc_md20_f95_ss50,multiseed_md20_gps3,md20,95,50,40,1.1397107398827406,-23.701036082913944,2.7045661734905986,0.5377293521116724
in52_out16_ep50_bs4096_seed40_coloc_md20_f95_ss51,multiseed_md20_gps1,md20,95,51,40,1.584557444818506,-57.15745431399812,4.031501832515643,1.0172048710668395
in52_out16_ep50_bs4096_seed40_coloc_md20_f95_ss51,multiseed_md20_gps2,md20,95,51,40,1.58340483297525,-54.73365466625701,3.959972519381399,0.9942640163345888
in52_out16_ep50_bs4096_seed40_coloc_md20_f95_ss51,multiseed_md20_gps3,md20,95,51,40,1.651901137923523,-63.85177746701738,3.952611556142036,1.0021679140765638
in52_out16_ep50_bs4096_seed40_coloc_md30_f95_ss42,coloc_pilot,md30,95,42,40,0.6065704870603502,-13.891552085907184,1.9702624556982309,0.38651538225278403
in52_out16_ep50_bs4096_seed40_coloc_md30_f95_ss42,ms_wk,md30,95,42,40,0.5842824441568633,-14.143274162100385,1.8450705482109933,0.40205560532349127
in52_out16_ep50_bs4096_seed40_coloc_md30_f95_ss42,multiseed_md30_gps1,md30,95,42,40,0.5926309234432936,-14.181107873453328,1.9414266429622609,0.37175331194937233
in52_out16_ep50_bs4096_seed40_coloc_md30_f95_ss42,multiseed_md30_gps2,md30,95,42,40,0.5908270431965323,-13.967846958322877,1.909494562211732,0.38869130557556975
in52_out16_ep50_bs4096_seed40_coloc_md30_f95_ss42,multiseed_md30_gps3,md30,95,42,40,0.6000412467445657,-16.61654518091018,1.8424411496657005,0.4137911460886574
in52_out16_ep50_bs4096_seed40_coloc_md30_f95_ss43,coloc_pilot,md30,95,43,40,0.9617516653503326,-35.87968751784163,2.983177263687952,0.6077768475133563
in52_out16_ep50_bs4096_seed40_coloc_md30_f95_ss43,multiseed_md30_gps1,md30,95,43,40,0.930995933220978,-38.39788041314872,3.08936757772351,0.6088174285214445
in52_out16_ep50_bs4096_seed40_coloc_md30_f95_ss43,multiseed_md30_gps2,md30,95,43,40,1.007557121856574,-34.49117715620746,2.893069619333519,0.6296763426256822
in52_out16_ep50_bs4096_seed40_coloc_md30_f95_ss43,multiseed_md30_gps3,md30,95,43,40,0.95744734979814,-36.75034092733532,3.0123978969799525,0.6224674995545132
in52_out16_ep50_bs4096_seed40_coloc_md30_f95_ss44,coloc_pilot,md30,95,44,40,0.7399812976037212,-15.631268649719605,2.258956563231474,0.5304993360292437
in52_out16_ep50_bs4096_seed40_coloc_md30_f95_ss44,multiseed_md30_gps1,md30,95,44,40,0.752098808451649,-14.797599076038727,2.323955034552225,0.5395647937869821
in52_out16_ep50_bs4096_seed40_coloc_md30_f95_ss44,multiseed_md30_gps2,md30,95,44,40,0.7380477620261168,-15.132935481220049,2.2675923969550804,0.5227863240337859
in52_out16_ep50_bs4096_seed40_coloc_md30_f95_ss44,multiseed_md30_gps3,md30,95,44,40,0.7548810782086417,-17.808891631716147,2.340150358642518,0.5279787387868373
in52_out16_ep50_bs4096_seed40_coloc_md30_f95_ss45,coloc_pilot,md30,95,45,40,1.0243796966757102,-16.624326892075466,2.331930755169391,0.47743089697092767
in52_out16_ep50_bs4096_seed40_coloc_md30_f95_ss45,multiseed_md30_gps1,md30,95,45,40,0.997973935503164,-17.837930563111456,2.3669808697503334,0.4851087015147706
in52_out16_ep50_bs4096_seed40_coloc_md30_f95_ss45,multiseed_md30_gps2,md30,95,45,40,1.031976480510772,-17.639863158601155,2.347333039503165,0.4894887429144036
in52_out16_ep50_bs4096_seed40_coloc_md30_f95_ss45,multiseed_md30_gps3,md30,95,45,40,1.0444902750195793,-16.906373025723646,2.405632941564467,0.49963073179254736
in52_out16_ep50_bs4096_seed40_coloc_md30_f95_ss46,coloc_pilot,md30,95,46,40,1.2960844138208905,-31.060369306063105,2.956644710741495,0.6038432767760531
in52_out16_ep50_bs4096_seed40_coloc_md30_f95_ss46,multiseed_md30_gps1,md30,95,46,40,1.2825288096158625,-35.29262106060439,3.0870178658814384,0.5861799305860196
in52_out16_ep50_bs4096_seed40_coloc_md30_f95_ss46,multiseed_md30_gps2,md30,95,46,40,1.266129024826196,-36.03650132287021,3.1427087650065024,0.578736657251661
in52_out16_ep50_bs4096_seed40_coloc_md30_f95_ss46,multiseed_md30_gps3,md30,95,46,40,1.2738469006374045,-28.889308740142248,2.9229822928091,0.5859121552463009
in52_out16_ep50_bs4096_seed40_coloc_md30_f95_ss47,multiseed_md30_gps1,md30,95,47,40,0.8601093885464035,-25.36115706382546,3.1192703798616748,0.4929381916157419
in52_out16_ep50_bs4096_seed40_coloc_md30_f95_ss47,multiseed_md30_gps2,md30,95,47,40,0.8664408454388028,-23.49100259515359,3.113494697762791,0.49659661606618044
in52_out16_ep50_bs4096_seed40_coloc_md30_f95_ss47,multiseed_md30_gps3,md30,95,47,40,0.848636128720679,-26.13262292550993,3.0937016035114366,0.4741061645162926
in52_out16_ep50_bs4096_seed40_coloc_md30_f95_ss48,multiseed_md30_gps1,md30,95,48,40,0.7806762534441138,-18.07252661105769,2.4605532570963256,0.5049396887706838
in52_out16_ep50_bs4096_seed40_coloc_md30_f95_ss48,multiseed_md30_gps2,md30,95,48,40,0.782149224908219,-17.08154902853147,2.5277977901556645,0.5074530281191517
in52_out16_ep50_bs4096_seed40_coloc_md30_f95_ss48,multiseed_md30_gps3,md30,95,48,40,0.7754128450816151,-17.79896426724958,2.4593401935051205,0.5009387840532981
in52_out16_ep50_bs4096_seed40_coloc_md30_f95_ss49,multiseed_md30_gps1,md30,95,49,40,1.1472985655373686,-36.11601645846359,3.2493261290359565,0.7207699573817155
in52_out16_ep50_bs4096_seed40_coloc_md30_f95_ss49,multiseed_md30_gps2,md30,95,49,40,1.1507233383278088,-37.01006451122015,3.3644371154412998,0.746665494828081
in52_out16_ep50_bs4096_seed40_coloc_md30_f95_ss49,multiseed_md30_gps3,md30,95,49,40,1.1500495905906132,-35.66465440529554,3.337147213557548,0.733469044070608
in52_out16_ep50_bs4096_seed40_coloc_md30_f95_ss50,multiseed_md30_gps1,md30,95,50,40,0.751567521259359,-15.390930047908864,1.9641010809876909,0.4170355053095257
in52_out16_ep50_bs4096_seed40_coloc_md30_f95_ss50,multiseed_md30_gps2,md30,95,50,40,0.775245425273994,-16.39150432364305,2.0357824126926523,0.4218106557537273
in52_out16_ep50_bs4096_seed40_coloc_md30_f95_ss50,multiseed_md30_gps3,md30,95,50,40,0.7382587104565733,-14.00414537856473,1.8641635665232663,0.41879056153380845
in52_out16_ep50_bs4096_seed40_coloc_md30_f95_ss51,multiseed_md30_gps1,md30,95,51,40,1.117078838101229,-30.97085327266191,3.4310352998568936,0.5197340404325597
in52_out16_ep50_bs4096_seed40_coloc_md30_f95_ss51,multiseed_md30_gps2,md30,95,51,40,1.1604715447441127,-32.30248050333593,3.4848780238291104,0.5148006067580866
in52_out16_ep50_bs4096_seed40_coloc_md30_f95_ss51,multiseed_md30_gps3,md30,95,51,40,1.1956620218708662,-32.71185364845712,3.762187143603419,0.5471291672759392
in52_out16_ep50_bs4096_seed40_coloc_md40_f95_ss42,coloc_pilot,md40,95,42,40,0.7599702803390491,-18.30362847782977,2.72810999732064,0.5927466689214135
in52_out16_ep50_bs4096_seed40_coloc_md40_f95_ss42,multiseed_md40_gps1,md40,95,42,40,0.7331231848992259,-20.07255329677318,2.750349157809113,0.5537451920305215
in52_out16_ep50_bs4096_seed40_coloc_md40_f95_ss42,multiseed_md40_gps2,md40,95,42,40,0.7525430468603219,-18.932012960542863,2.7267412062359404,0.5691617177213726
in52_out16_ep50_bs4096_seed40_coloc_md40_f95_ss42,multiseed_md40_gps3,md40,95,42,40,0.7529463250305108,-17.209314529770666,2.780314457220401,0.5739794768603403
in52_out16_ep50_bs4096_seed40_coloc_md40_f95_ss43,coloc_pilot,md40,95,43,40,1.0057344275574225,-39.13014998792196,3.168428147729518,0.7777779083778298
in52_out16_ep50_bs4096_seed40_coloc_md40_f95_ss43,multiseed_md40_gps1,md40,95,43,40,1.0088296534816763,-37.79138987174338,3.1744961357750743,0.7346405792014253
in52_out16_ep50_bs4096_seed40_coloc_md40_f95_ss43,multiseed_md40_gps2,md40,95,43,40,1.0042251519979386,-37.40640259122401,3.0124189565278856,0.7449918658659219
in52_out16_ep50_bs4096_seed40_coloc_md40_f95_ss43,multiseed_md40_gps3,md40,95,43,40,1.0078152290939697,-38.53670980837055,3.0056385605215308,0.7756475605233832
in52_out16_ep50_bs4096_seed40_coloc_md40_f95_ss44,coloc_pilot,md40,95,44,40,0.9231140557774836,-28.052198961983294,2.7835391246740357,0.5916556571283897
in52_out16_ep50_bs4096_seed40_coloc_md40_f95_ss44,multiseed_md40_gps1,md40,95,44,40,0.8874134283327174,-27.87881379576969,2.968608601833263,0.651489358521437
in52_out16_ep50_bs4096_seed40_coloc_md40_f95_ss44,multiseed_md40_gps2,md40,95,44,40,0.9070871411984812,-28.856905605622156,2.9165133873280444,0.6355896854270784
in52_out16_ep50_bs4096_seed40_coloc_md40_f95_ss44,multiseed_md40_gps3,md40,95,44,40,0.8590721118881774,-29.11583948198989,3.153077019242442,0.6607263169209983
in52_out16_ep50_bs4096_seed40_coloc_md40_f95_ss45,coloc_pilot,md40,95,45,40,0.8006181650334646,-18.08296227567612,2.08957856112456,0.5117421582514056
in52_out16_ep50_bs4096_seed40_coloc_md40_f95_ss45,multiseed_md40_gps1,md40,95,45,40,0.8287795291333095,-17.547295483990922,2.036178874037244,0.5299007657469212
in52_out16_ep50_bs4096_seed40_coloc_md40_f95_ss45,multiseed_md40_gps2,md40,95,45,40,0.8021899870503922,-17.617795589692495,2.0458582017275497,0.5206259054858162
in52_out16_ep50_bs4096_seed40_coloc_md40_f95_ss45,multiseed_md40_gps3,md40,95,45,40,0.7995367724474435,-18.02640605636097,2.0530072114625546,0.5110802551161591
in52_out16_ep50_bs4096_seed40_coloc_md40_f95_ss46,coloc_pilot,md40,95,46,40,0.9813906742642672,-30.41912343384988,2.8034976548013937,0.5435136518770566
in52_out16_ep50_bs4096_seed40_coloc_md40_f95_ss46,multiseed_md40_gps1,md40,95,46,40,0.9889434161569606,-32.67768909080963,2.7118724595990398,0.5077070674004924
in52_out16_ep50_bs4096_seed40_coloc_md40_f95_ss46,multiseed_md40_gps2,md40,95,46,40,1.077271334541903,-31.98367153829165,2.947203039901443,0.5493682920342216
in52_out16_ep50_bs4096_seed40_coloc_md40_f95_ss46,multiseed_md40_gps3,md40,95,46,40,1.0492757935590695,-30.395645918143977,2.980894884401687,0.5407584427578511
in52_out16_ep50_bs4096_seed40_coloc_md40_f95_ss47,multiseed_md40_gps1,md40,95,47,40,1.1542120329027314,-62.64314389879907,3.37946535875193,0.7891315584630837
in52_out16_ep50_bs4096_seed40_coloc_md40_f95_ss47,multiseed_md40_gps2,md40,95,47,40,1.1819677206228167,-82.92590499451677,3.980788370901533,0.7954525726041304
in52_out16_ep50_bs4096_seed40_coloc_md40_f95_ss47,multiseed_md40_gps3,md40,95,47,40,1.190072893716717,-83.57842547848027,3.992030919124721,0.7900483845849009
in52_out16_ep50_bs4096_seed40_coloc_md40_f95_ss48,multiseed_md40_gps1,md40,95,48,40,1.0019109166591358,-27.66317338803903,2.708004484888338,0.6421807539347977
in52_out16_ep50_bs4096_seed40_coloc_md40_f95_ss48,multiseed_md40_gps2,md40,95,48,40,1.0212702938014335,-27.164216113363047,2.8092796472985797,0.6450569483284974
in52_out16_ep50_bs4096_seed40_coloc_md40_f95_ss48,multiseed_md40_gps3,md40,95,48,40,1.0294980710837045,-27.45380176385472,2.736461764227076,0.6387980807875974
in52_out16_ep50_bs4096_seed40_coloc_md40_f95_ss49,multiseed_md40_gps1,md40,95,49,40,1.4012853074252327,-36.97662774106266,3.162039767447314,0.8606197084919505
in52_out16_ep50_bs4096_seed40_coloc_md40_f95_ss49,multiseed_md40_gps2,md40,95,49,40,1.3563579427050825,-38.34425559984263,3.2418926128790053,0.9018297248430689
in52_out16_ep50_bs4096_seed40_coloc_md40_f95_ss49,multiseed_md40_gps3,md40,95,49,40,1.3631572461275892,-38.2837078991174,3.2669208686346574,0.8944690074538584
in52_out16_ep50_bs4096_seed40_coloc_md40_f95_ss50,multiseed_md40_gps1,md40,95,50,40,0.9453311188776834,-18.055019826621574,2.5897341339278714,0.4645501654587916
in52_out16_ep50_bs4096_seed40_coloc_md40_f95_ss50,multiseed_md40_gps2,md40,95,50,40,0.9538463797763984,-17.649606947865344,2.6604413767764084,0.4759907335373517
in52_out16_ep50_bs4096_seed40_coloc_md40_f95_ss50,multiseed_md40_gps3,md40,95,50,40,0.959245510719638,-17.080202513940456,2.761399179214705,0.4823591848485982
in52_out16_ep50_bs4096_seed40_coloc_md40_f95_ss51,multiseed_md40_gps1,md40,95,51,40,1.0781202720943952,-27.1370855814162,2.9386244512978994,0.5757884309451582
in52_out16_ep50_bs4096_seed40_coloc_md40_f95_ss51,multiseed_md40_gps2,md40,95,51,40,1.078659692648476,-25.354310564681384,2.9571527798701,0.5752445126263847
in52_out16_ep50_bs4096_seed40_coloc_md40_f95_ss51,multiseed_md40_gps3,md40,95,51,40,1.1624865719287325,-25.483225928234063,3.1479267224141223,0.6160228322050687
in52_out16_ep50_bs4096_seed40_coloc_md50_f95_ss42,coloc_md50_f95,md50,95,42,40,0.6611974326401187,-16.077041225144573,2.1428567282173496,0.4805774922667276
in52_out16_ep50_bs4096_seed40_coloc_md50_f95_ss42,coloc_pilot,md50,95,42,40,0.7457574321581028,-17.739514092531074,2.112174185106106,0.517501991949302
in52_out16_ep50_bs4096_seed40_coloc_md50_f95_ss42,gp_var_0,md50,95,42,40,0.6992492695152979,-17.133099933773693,2.053142722044691,0.5167115311385511
in52_out16_ep50_bs4096_seed40_coloc_md50_f95_ss42,gp_var_1,md50,95,42,40,0.6698090554048313,-15.940711377754443,2.0961001241117447,0.5060276444881227
in52_out16_ep50_bs4096_seed40_coloc_md50_f95_ss42,gp_var_2,md50,95,42,40,0.6895240310119581,-15.86893002660076,2.1192935608002026,0.5079092120551932
in52_out16_ep50_bs4096_seed40_coloc_md50_f95_ss42,gp_var_3,md50,95,42,40,0.7570299619483751,-16.877073771781774,2.1329580819369363,0.5015893431366828
in52_out16_ep50_bs4096_seed40_coloc_md50_f95_ss42,gp_var_4,md50,95,42,40,0.7614469339133263,-16.48277876432696,2.1644463216193763,0.5073246185564465
in52_out16_ep50_bs4096_seed40_coloc_md50_f95_ss42,gp_var_5,md50,95,42,40,0.7189106756243946,-15.836755558125596,2.076364362700229,0.5091327398257057
in52_out16_ep50_bs4096_seed40_coloc_md50_f95_ss42,gp_var_6,md50,95,42,40,0.6637543568548359,-15.94433775426158,2.1458982498957058,0.5032293578560616
in52_out16_ep50_bs4096_seed40_coloc_md50_f95_ss42,gp_var_7,md50,95,42,40,0.7615844939318088,-16.796523111118688,2.036236846922228,0.4882110755465134
in52_out16_ep50_bs4096_seed40_coloc_md50_f95_ss42,gp_var_8,md50,95,42,40,0.7014069635263129,-16.42610709820164,2.1612453081535272,0.5157151991113417
in52_out16_ep50_bs4096_seed40_coloc_md50_f95_ss42,gp_var_9,md50,95,42,40,0.6990944556277694,-16.83738418634407,2.1718725503353755,0.5137262194423424
in52_out16_ep50_bs4096_seed40_coloc_md50_f95_ss42,multiseed_md50_gps1,md50,95,42,40,0.7180689355579012,-17.176066947933418,2.043531885301284,0.5123463273650585
in52_out16_ep50_bs4096_seed40_coloc_md50_f95_ss42,multiseed_md50_gps2,md50,95,42,40,0.709870649763965,-16.345624532715192,2.038840742469324,0.5101930371543777
in52_out16_ep50_bs4096_seed40_coloc_md50_f95_ss42,multiseed_md50_gps3,md50,95,42,40,0.6585951021162886,-16.373534458207025,2.108309665150758,0.49721521491005993
in52_out16_ep50_bs4096_seed40_coloc_md50_f95_ss43,coloc_pilot,md50,95,43,40,0.9469069476191012,-44.4667099709022,2.9258185370433685,0.6022329854681935
in52_out16_ep50_bs4096_seed40_coloc_md50_f95_ss43,multiseed_md50_gps1,md50,95,43,40,0.954207108738868,-41.12179812063401,2.957002864548188,0.6025534868051192
in52_out16_ep50_bs4096_seed40_coloc_md50_f95_ss43,multiseed_md50_gps2,md50,95,43,40,0.928150005144227,-36.83136304541958,2.776328587806748,0.5865704233330151
in52_out16_ep50_bs4096_seed40_coloc_md50_f95_ss43,multiseed_md50_gps3,md50,95,43,40,0.9561326746015504,-43.25383272051975,2.8760807409447717,0.6037288228590725
in52_out16_ep50_bs4096_seed40_coloc_md50_f95_ss44,coloc_pilot,md50,95,44,40,1.2254689599538553,-46.23509554083035,3.395667649290761,0.6068015914975828
in52_out16_ep50_bs4096_seed40_coloc_md50_f95_ss44,multiseed_md50_gps1,md50,95,44,40,1.2771430279223035,-44.69725599264343,3.367788825743872,0.6120989040455969
in52_out16_ep50_bs4096_seed40_coloc_md50_f95_ss44,multiseed_md50_gps2,md50,95,44,40,1.3445643278241022,-46.15140131827751,3.3160581305930856,0.6088979536747571
in52_out16_ep50_bs4096_seed40_coloc_md50_f95_ss44,multiseed_md50_gps3,md50,95,44,40,1.3839435324735578,-45.00784665350632,3.478482011146138,0.6198306368517921
in52_out16_ep50_bs4096_seed40_coloc_md50_f95_ss45,coloc_pilot,md50,95,45,40,1.085363695911162,-46.43538513422262,2.5574634459928878,0.6073788115233487
in52_out16_ep50_bs4096_seed40_coloc_md50_f95_ss45,multiseed_md50_gps1,md50,95,45,40,1.0579830827520156,-29.76371297493061,2.374945874079534,0.5891809275442403
in52_out16_ep50_bs4096_seed40_coloc_md50_f95_ss45,multiseed_md50_gps2,md50,95,45,40,1.079769311879285,-37.09878643266147,2.5321906909599456,0.6068649163610674
in52_out16_ep50_bs4096_seed40_coloc_md50_f95_ss45,multiseed_md50_gps3,md50,95,45,40,1.1050070581394895,-41.07250432607618,2.5661330640633784,0.6184999317768428
in52_out16_ep50_bs4096_seed40_coloc_md50_f95_ss46,coloc_pilot,md50,95,46,40,1.0253253501821664,-30.20365619069515,2.685511100520581,0.6574689145695742
in52_out16_ep50_bs4096_seed40_coloc_md50_f95_ss46,multiseed_md50_gps1,md50,95,46,40,1.0164020125509228,-25.61733351122044,2.657486259286973,0.6286489709862249
in52_out16_ep50_bs4096_seed40_coloc_md50_f95_ss46,multiseed_md50_gps2,md50,95,46,40,1.0224709224610955,-28.822902406840644,2.723514659625542,0.6654007895810996
in52_out16_ep50_bs4096_seed40_coloc_md50_f95_ss46,multiseed_md50_gps3,md50,95,46,40,1.0284798325906253,-27.211977702746047,2.740758231659941,0.6518930864059362
in52_out16_ep50_bs4096_seed40_coloc_md50_f95_ss47,multiseed_md50_gps1,md50,95,47,40,0.8346937295813606,-23.361662735577035,2.0684813613940305,0.5122763677258031
in52_out16_ep50_bs4096_seed40_coloc_md50_f95_ss47,multiseed_md50_gps2,md50,95,47,40,0.8187462418533741,-20.697267634190965,2.012807123568434,0.515246931452541
in52_out16_ep50_bs4096_seed40_coloc_md50_f95_ss47,multiseed_md50_gps3,md50,95,47,40,0.8269225172480873,-21.76152343367596,2.0333121566627863,0.5133584623946368
in52_out16_ep50_bs4096_seed40_coloc_md50_f95_ss48,multiseed_md50_gps1,md50,95,48,40,1.0956562530517382,-18.77927932629588,2.681804633138862,0.5818139075997176
in52_out16_ep50_bs4096_seed40_coloc_md50_f95_ss48,multiseed_md50_gps2,md50,95,48,40,1.0509591654990185,-18.697646676934987,2.560146846303515,0.5584341364553282
in52_out16_ep50_bs4096_seed40_coloc_md50_f95_ss48,multiseed_md50_gps3,md50,95,48,40,0.9969109445160114,-16.34489937546382,2.4862422601541923,0.5589945721395809
in52_out16_ep50_bs4096_seed40_coloc_md50_f95_ss49,multiseed_md50_gps1,md50,95,49,40,1.1617170513398032,-73.07611333222712,3.123613350269075,0.9072496679031665
in52_out16_ep50_bs4096_seed40_coloc_md50_f95_ss49,multiseed_md50_gps2,md50,95,49,40,1.2279307266155397,-77.89687428676405,3.0553926615230207,0.9307986614644788
in52_out16_ep50_bs4096_seed40_coloc_md50_f95_ss49,multiseed_md50_gps3,md50,95,49,40,1.1758511665780926,-73.41368298886474,3.1781480335004644,0.924725978076688
in52_out16_ep50_bs4096_seed40_coloc_md50_f95_ss50,multiseed_md50_gps1,md50,95,50,40,1.1869367038218828,-25.411886138713054,2.715373448956256,0.7151597920040311
in52_out16_ep50_bs4096_seed40_coloc_md50_f95_ss50,multiseed_md50_gps2,md50,95,50,40,1.1271404493873196,-24.53929221619285,2.949674536592178,0.7094014033533353
in52_out16_ep50_bs4096_seed40_coloc_md50_f95_ss50,multiseed_md50_gps3,md50,95,50,40,1.1438835000001473,-24.607904627382595,2.957564372302069,0.7106099518748552
in52_out16_ep50_bs4096_seed40_coloc_md50_f95_ss51,multiseed_md50_gps1,md50,95,51,40,1.0579550569508889,-26.47504466475298,2.897450411412722,0.7531094867386077
in52_out16_ep50_bs4096_seed40_coloc_md50_f95_ss51,multiseed_md50_gps2,md50,95,51,40,1.0725561518194084,-27.076814574086782,2.9057799074333914,0.7718154441988723
in52_out16_ep50_bs4096_seed40_coloc_md50_f95_ss51,multiseed_md50_gps3,md50,95,51,40,1.06792275436134,-26.89178174180023,2.9286132299427567,0.7727606893954029
in52_out16_ep50_bs4096_seed40_coloc_md60_f95_ss42,coloc_pilot,md60,95,42,40,1.2448215126143,-21.381805527680548,2.54044495619461,0.633364815373159
in52_out16_ep50_bs4096_seed40_coloc_md60_f95_ss42,multiseed_md60_gps1,md60,95,42,40,1.2365536839784323,-20.945426031699423,2.566385119665674,0.6462594133810671
in52_out16_ep50_bs4096_seed40_coloc_md60_f95_ss42,multiseed_md60_gps2,md60,95,42,40,1.2473013989415922,-21.92197444558361,2.5377106397348266,0.6448171776262694
in52_out16_ep50_bs4096_seed40_coloc_md60_f95_ss42,multiseed_md60_gps3,md60,95,42,40,1.250785246357082,-21.82525224345149,2.561170116335502,0.6486853142601465
in52_out16_ep50_bs4096_seed40_coloc_md60_f95_ss43,coloc_pilot,md60,95,43,40,1.005068549341558,-28.62166945420161,2.9013069597168952,0.6608617085787359
in52_out16_ep50_bs4096_seed40_coloc_md60_f95_ss43,multiseed_md60_gps1,md60,95,43,40,1.027340138798901,-23.45951437839767,2.911347880176032,0.6558687816316706
in52_out16_ep50_bs4096_seed40_coloc_md60_f95_ss43,multiseed_md60_gps2,md60,95,43,40,1.0227459072594396,-25.61542070229622,2.918117725590322,0.657528425756206
in52_out16_ep50_bs4096_seed40_coloc_md60_f95_ss43,multiseed_md60_gps3,md60,95,43,40,1.0272616189930712,-28.114452740880203,2.936685423527356,0.660809256298134
in52_out16_ep50_bs4096_seed40_coloc_md60_f95_ss44,multiseed_md60_gps1,md60,95,44,40,1.0377524670434122,-27.061475094732742,2.620995530149999,0.5905532081334807
in52_out16_ep50_bs4096_seed40_coloc_md60_f95_ss44,multiseed_md60_gps2,md60,95,44,40,0.9972600395171562,-26.278752575907674,2.4243565534421867,0.607040038750325
in52_out16_ep50_bs4096_seed40_coloc_md60_f95_ss44,multiseed_md60_gps3,md60,95,44,40,1.0015864887612356,-26.865819809415854,2.5827453332273715,0.6028435539680481
in52_out16_ep50_bs4096_seed40_coloc_md60_f95_ss45,multiseed_md60_gps1,md60,95,45,40,0.8561505712592661,-20.63196463041021,2.3351605841804544,0.5620399717700764
in52_out16_ep50_bs4096_seed40_coloc_md60_f95_ss45,multiseed_md60_gps2,md60,95,45,40,0.8556896179121325,-21.41750257962717,2.325912437345325,0.5848771070708341
in52_out16_ep50_bs4096_seed40_coloc_md60_f95_ss45,multiseed_md60_gps3,md60,95,45,40,0.8646581281870959,-21.430525522067065,2.213066344915708,0.5721268824637978
in52_out16_ep50_bs4096_seed40_coloc_md60_f95_ss46,multiseed_md60_gps1,md60,95,46,40,0.9557320782460615,-44.866565345273486,3.457197779139805,0.7167587327822322
in52_out16_ep50_bs4096_seed40_coloc_md60_f95_ss46,multiseed_md60_gps2,md60,95,46,40,0.96019254482835,-49.37845560240536,3.4947556693782627,0.7188682185823
in52_out16_ep50_bs4096_seed40_coloc_md60_f95_ss46,multiseed_md60_gps3,md60,95,46,40,0.977892751468236,-51.25375263610512,3.3813001395459814,0.7031304295093603
in52_out16_ep50_bs4096_seed40_coloc_md60_f95_ss47,multiseed_md60_gps1,md60,95,47,40,1.097391206737498,-28.143338690721976,2.257391458846829,0.5835454775865441
in52_out16_ep50_bs4096_seed40_coloc_md60_f95_ss47,multiseed_md60_gps2,md60,95,47,40,1.017167564479086,-23.47139922922937,2.2352344963454285,0.586580972942524
in52_out16_ep50_bs4096_seed40_coloc_md60_f95_ss47,multiseed_md60_gps3,md60,95,47,40,0.9915491226407088,-23.92599423483307,2.232627869896404,0.5868224196737504
in52_out16_ep50_bs4096_seed40_coloc_md60_f95_ss48,multiseed_md60_gps1,md60,95,48,40,0.9062028726721256,-20.415340377260648,2.643412600538156,0.6351882407803604
in52_out16_ep50_bs4096_seed40_coloc_md60_f95_ss48,multiseed_md60_gps2,md60,95,48,40,0.8636997191368723,-20.90427304973602,2.731212261762437,0.6394660267011121
in52_out16_ep50_bs4096_seed40_coloc_md60_f95_ss48,multiseed_md60_gps3,md60,95,48,40,0.9099338161690708,-21.41231448858277,2.7032957903609693,0.6426346381101811
in52_out16_ep50_bs4096_seed40_coloc_md60_f95_ss49,multiseed_md60_gps1,md60,95,49,40,1.5447922470080135,-137.8569445719839,3.068797026414858,0.7373928048306413
in52_out16_ep50_bs4096_seed40_coloc_md60_f95_ss49,multiseed_md60_gps2,md60,95,49,40,1.5517238655975911,-152.41245180710777,3.172378867525261,0.7464703497116629
in52_out16_ep50_bs4096_seed40_coloc_md60_f95_ss49,multiseed_md60_gps3,md60,95,49,40,1.5316397493801956,-149.2132916894712,3.1859008896335443,0.7453266704433804
in52_out16_ep50_bs4096_seed40_coloc_md60_f95_ss50,multiseed_md60_gps1,md60,95,50,40,0.7872234772932942,-15.346541061267397,2.064560523400166,0.47984379346248407
in52_out16_ep50_bs4096_seed40_coloc_md60_f95_ss50,multiseed_md60_gps2,md60,95,50,40,0.8040603360262675,-14.744532694736144,2.0519400979378,0.49920445114409817
in52_out16_ep50_bs4096_seed40_coloc_md60_f95_ss50,multiseed_md60_gps3,md60,95,50,40,0.804965036041975,-14.989262753493485,2.0525579732662926,0.4941595062300578
in52_out16_ep50_bs4096_seed40_coloc_md60_f95_ss51,multiseed_md60_gps1,md60,95,51,40,0.9376863866503288,-27.02940766523699,3.0469251395575725,0.614012905896565
in52_out16_ep50_bs4096_seed40_coloc_md60_f95_ss51,multiseed_md60_gps2,md60,95,51,40,0.9295439337814664,-27.158730618039804,3.057583857232698,0.6186402847741981
in52_out16_ep50_bs4096_seed40_coloc_md60_f95_ss51,multiseed_md60_gps3,md60,95,51,40,0.952195027964978,-28.16924729162727,3.13090806320274,0.615927129640016
in52_out16_ep50_bs4096_seed40_coloc_md70_f95_ss42,coloc_pilot,md70,95,42,40,1.066498006804931,-25.157569596355906,2.834563979427873,0.655280539696732
in52_out16_ep50_bs4096_seed40_coloc_md70_f95_ss43,coloc_pilot,md70,95,43,40,1.0437517317545124,-18.85490990425093,2.911123887561383,0.6341857806843907
in52_out16_ep50_bs4096_seed40_coloc_md80_f95_ss42,coloc_pilot,md80,95,42,40,1.3912898937333722,-46.48852339330404,3.970618087194432,0.8137421882306213
in52_out16_ep50_bs4096_seed40_coloc_md80_f95_ss43,coloc_pilot,md80,95,43,40,1.1533678860952763,-35.794110023930465,3.472346219255581,0.7398790440403835
in52_out16_ep50_bs4096_seed40_coloc_md90_f95_ss42,coloc_pilot,md90,95,42,40,1.4508929648553428,-46.06840926833771,4.145671566163559,0.8170401521387196
in52_out16_ep50_bs4096_seed40_coloc_md90_f95_ss43,coloc_pilot,md90,95,43,40,1.0632654555806953,-21.442658618255088,2.7357528711569383,0.6743363657239172
in52_out16_ep50_bs4096_seed40_coloc_rand_f95_ss42,coloc_rand_f95,rand,95,42,40,1.086047277575663,-73.30706595029113,3.6834776888645937,0.7059931260832173
in52_out16_ep50_bs4096_seed40_coloc_rand_f95_ss42,multiseed_rand_gps1,rand,95,42,40,1.1181653741466435,-66.40603187887368,3.671388440808243,0.7080811709898829
in52_out16_ep50_bs4096_seed40_coloc_rand_f95_ss42,multiseed_rand_gps2,rand,95,42,40,1.0763884072962724,-72.49442395851028,3.51739468291914,0.7028800315007087
in52_out16_ep50_bs4096_seed40_coloc_rand_f95_ss42,multiseed_rand_gps3,rand,95,42,40,1.1222573502398212,-64.30831267177679,3.814898697915912,0.7086417443676163
in52_out16_ep50_bs4096_seed40_coloc_rand_f95_ss43,multiseed_rand_gps1,rand,95,43,40,2.2556411887537737,-182.20340487951097,6.007259624665396,1.1384664451308146
in52_out16_ep50_bs4096_seed40_coloc_rand_f95_ss43,multiseed_rand_gps2,rand,95,43,40,2.29744970724556,-163.87983405983027,5.855110642386667,1.1507971026722457
in52_out16_ep50_bs4096_seed40_coloc_rand_f95_ss43,multiseed_rand_gps3,rand,95,43,40,2.34538795484996,-170.1668278645107,5.693468680210669,1.1719543306666513
in52_out16_ep50_bs4096_seed40_coloc_rand_f95_ss44,multiseed_rand_gps1,rand,95,44,40,1.7650433578013534,-85.61212161473028,3.414978219540834,1.0384669664719468
in52_out16_ep50_bs4096_seed40_coloc_rand_f95_ss44,multiseed_rand_gps2,rand,95,44,40,1.738399342662038,-88.103802913377,3.456682878475163,1.002517921124237
in52_out16_ep50_bs4096_seed40_coloc_rand_f95_ss44,multiseed_rand_gps3,rand,95,44,40,1.7587266794525376,-85.7928575610429,3.3730922924763327,1.0359416339125511
in52_out16_ep50_bs4096_seed40_coloc_rand_f95_ss45,multiseed_rand_gps1,rand,95,45,40,1.0612411997140845,-22.787970292241692,2.4882394806532586,0.5631731940144902
in52_out16_ep50_bs4096_seed40_coloc_rand_f95_ss45,multiseed_rand_gps2,rand,95,45,40,1.0505028608287863,-19.656029616888723,2.580026073324113,0.5693301117894402
in52_out16_ep50_bs4096_seed40_coloc_rand_f95_ss45,multiseed_rand_gps3,rand,95,45,40,1.08280385279973,-22.24029429802818,2.4420283675572136,0.5699939240566065
in52_out16_ep50_bs4096_seed40_coloc_rand_f95_ss46,multiseed_rand_gps1,rand,95,46,40,1.065294598301283,-27.987819804684165,2.552242162578509,0.6516008585297517
in52_out16_ep50_bs4096_seed40_coloc_rand_f95_ss46,multiseed_rand_gps2,rand,95,46,40,1.0814438987981017,-25.251354329074463,2.5747721802526424,0.6928182235066791
in52_out16_ep50_bs4096_seed40_coloc_rand_f95_ss46,multiseed_rand_gps3,rand,95,46,40,1.112003390066548,-26.24474978007808,2.687932329163934,0.7368796710756047
in52_out16_ep50_bs4096_seed40_coloc_rand_f95_ss47,multiseed_rand_gps1,rand,95,47,40,1.4288075684664625,-110.67742685116303,3.217805097976384,0.8332031585413011
in52_out16_ep50_bs4096_seed40_coloc_rand_f95_ss47,multiseed_rand_gps2,rand,95,47,40,1.3249034653907978,-73.88429844155252,3.019976958250706,0.8107396366430396
in52_out16_ep50_bs4096_seed40_coloc_rand_f95_ss47,multiseed_rand_gps3,rand,95,47,40,1.3368186223482672,-86.34927089734097,3.088062322552388,0.8105498985303977
in52_out16_ep50_bs4096_seed40_coloc_rand_f95_ss48,multiseed_rand_gps1,rand,95,48,40,1.304756414914856,-52.73004793550047,3.1389850758854805,0.7973728725177145
in52_out16_ep50_bs4096_seed40_coloc_rand_f95_ss48,multiseed_rand_gps2,rand,95,48,40,1.3379292783993684,-54.21117254654909,3.0150701507522872,0.8872873312007374
in52_out16_ep50_bs4096_seed40_coloc_rand_f95_ss48,multiseed_rand_gps3,rand,95,48,40,1.424153692453734,-48.5617684493437,3.1668224627652237,0.8018037666401839
in52_out16_ep50_bs4096_seed40_coloc_rand_f95_ss49,multiseed_rand_gps1,rand,95,49,40,1.778849619270748,-119.23014053889084,4.533694949024724,1.280689389871692
in52_out16_ep50_bs4096_seed40_coloc_rand_f95_ss49,multiseed_rand_gps2,rand,95,49,40,1.756864912580994,-99.55187465418382,4.4848344803145785,1.2911094552001345
in52_out16_ep50_bs4096_seed40_coloc_rand_f95_ss49,multiseed_rand_gps3,rand,95,49,40,1.823173854606214,-89.1534480439962,4.460049469674737,1.1836934185391224
in52_out16_ep50_bs4096_seed40_coloc_rand_f95_ss50,multiseed_rand_gps1,rand,95,50,40,1.6261084370059875,-106.62807738026602,2.844440433133558,0.8840834193740243
in52_out16_ep50_bs4096_seed40_coloc_rand_f95_ss50,multiseed_rand_gps2,rand,95,50,40,1.5746724445245293,-105.20571915227806,2.731577013875131,0.8548343996312714
in52_out16_ep50_bs4096_seed40_coloc_rand_f95_ss50,multiseed_rand_gps3,rand,95,50,40,1.611730674172954,-110.15313122947327,2.869683589711604,0.8796319446845176
in52_out16_ep50_bs4096_seed40_coloc_rand_f95_ss51,multiseed_rand_gps1,rand,95,51,40,0.8120170167650681,-20.733253886211752,2.1517627120579315,0.5702659264114971
in52_out16_ep50_bs4096_seed40_coloc_rand_f95_ss51,multiseed_rand_gps2,rand,95,51,40,0.8502576411840499,-23.701863263837733,2.143470041151592,0.5734683320717336
in52_out16_ep50_bs4096_seed40_coloc_rand_f95_ss51,multiseed_rand_gps3,rand,95,51,40,0.8440505572454564,-22.57576235617355,2.157154210300982,0.5951707523346459
in52_out16_ep50_bs4096_seed41_coloc_md50_f95_ss42,model_var,md50,95,42,41,0.7277412113093698,-17.433609313557987,2.0315394586636693,0.5179249716238693
in52_out16_ep50_bs4096_seed42_coloc_md50_f95_ss42,model_var,md50,95,42,42,0.6820038121950154,-16.528304166346896,2.177548263366183,0.5043747957661572
in52_out16_ep50_bs4096_seed43_coloc_md50_f95_ss42,model_var,md50,95,42,43,0.69670106423714,-16.80323030383154,2.063434464900156,0.5239281328142388
in52_out16_ep50_bs4096_seed44_coloc_md50_f95_ss42,model_var,md50,95,42,44,0.7163319883617922,-18.750499465716214,2.076264892367265,0.5244176117076902
in52_out16_ep50_bs4096_seed45_coloc_md50_f95_ss42,model_var,md50,95,42,45,0.6953179239404229,-16.096119490940303,2.099198283677036,0.49882374132486185
in52_out16_ep50_bs4096_seed46_coloc_md50_f95_ss42,model_var,md50,95,42,46,0.7002112694530072,-16.249632431377545,2.102845819157832,0.5006620387485414
in52_out16_ep50_bs4096_seed47_coloc_md50_f95_ss42,model_var,md50,95,42,47,0.6961724408751807,-16.399908158315753,2.0851491692545334,0.49577927856584714
in52_out16_ep50_bs4096_seed48_coloc_md50_f95_ss42,model_var,md50,95,42,48,0.6974335607882725,-16.027257720940973,2.0720683964893576,0.5164866216028848
in52_out16_ep50_bs4096_seed49_coloc_md50_f95_ss42,model_var,md50,95,42,49,0.6423577819337369,-16.280750265098774,2.0875235196885327,0.4985921219468329
in52_out16_ep50_bs4096_seed50_coloc_md50_f95_ss42,model_var,md50,95,42,50,0.7284335082145517,-15.847550267804245,2.0659875613379803,0.5010162462798751
