split,feat,nRMSE_iqr,rmse_pw
rand,coords_only,2.652670099503003,0.9976582577701713
rand,coords_only,2.189351677774426,1.0635033704777541
rand,coords_only,3.394421735387384,1.4464814438887368
rand,coords_only,3.161657255748398,1.18964047130983
rand,coords_only,2.6722008612245225,0.9144488997252491
rand,coords_only,3.3920369946018605,1.2542488469742716
rand,coords_only,2.8054571799740193,1.081015965395864
rand,coords_only,3.1140303959282356,1.254581648726976
rand,coords_only,2.7750153314298958,0.9985983617177361
rand,coords_only,3.0739647929045377,1.103377197583836
rand,hydroraum_only,2.642921496755557,1.141820343609886
rand,hydroraum_only,2.248047629815354,1.0136071732844005
rand,hydroraum_only,2.7903221883541742,1.2038264800330252
rand,hydroraum_only,2.6227277710853834,1.0315096320992714
rand,hydroraum_only,2.3421788199812097,0.8773844672669491
rand,hydroraum_only,2.7099649212650103,1.0703257034595897
rand,hydroraum_only,2.5527343412436885,0.9461303746012846
rand,hydroraum_only,2.892672736565906,1.3824468537313497
rand,hydroraum_only,2.8240144601021533,1.0187263924364762
rand,hydroraum_only,2.5596924098696485,0.8372344594173246
rand,gespannt_only,2.528711462596182,1.0355525355385549
rand,gespannt_only,2.5795982321562017,0.9868117907668101
rand,gespannt_only,2.9703950968774846,1.238930477451675
rand,gespannt_only,3.4903989221074987,1.3105457170529555
rand,gespannt_only,2.5882283054786104,0.8266088394567102
rand,gespannt_only,3.630334636048194,1.3737536432828508
rand,gespannt_only,2.84928315633286,1.1463862491170558
rand,gespannt_only,2.728818960308738,1.092555865961096
rand,gespannt_only,3.5134997652180253,1.4640037435045414
rand,gespannt_only,3.241897712214662,0.9999233603765276
rand,hydroraum_gespannt,2.9407982802975674,1.08210210680596
rand,hydroraum_gespannt,2.8397654990722336,1.5759549499588874
rand,hydroraum_gespannt,2.9119040144525465,1.2328186571890734
rand,hydroraum_gespannt,3.121782107534483,1.2678713878661827
rand,hydroraum_gespannt,2.4617885178049113,0.8869454841256698
rand,hydroraum_gespannt,2.943185721741302,1.0671901409588278
rand,hydroraum_gespannt,2.3606578927765103,0.9689011775523731
rand,hydroraum_gespannt,3.5706832625018157,1.4361763214812968
rand,hydroraum_gespannt,2.8931737372895796,0.9938087927583812
rand,hydroraum_gespannt,2.553748995428132,1.0173748269111171
rand,siwa_only,2.820688448631277,1.0461033990148045
rand,siwa_only,4.272319991612006,1.2524761881528472
rand,siwa_only,3.3596037055368257,1.2382447433511818
rand,siwa_only,3.0652363307494377,1.2133339680287294
rand,siwa_only,3.3007082816084665,1.4214997491795
rand,siwa_only,3.9138755090939554,1.3837292596082928
rand,siwa_only,3.0133884425183872,1.0181228505193423
rand,siwa_only,3.895029702987369,1.2089967581693037
rand,siwa_only,3.8031831542212458,1.4888166744434292
rand,siwa_only,3.455416243535265,1.3382171699698433
rand,siwa_gespannt,2.9438399223758274,1.1961300233724557
rand,siwa_gespannt,3.977926811197368,1.3354868487326907
rand,siwa_gespannt,2.843333549034596,1.3226492078232164
rand,siwa_gespannt,3.835856341957764,1.4197595478397318
rand,siwa_gespannt,2.8335825601032165,1.113325072678912
rand,siwa_gespannt,3.8844220586120572,1.4695778526869847
rand,siwa_gespannt,2.83635726725287,1.2031363666085249
rand,siwa_gespannt,3.6812623322261757,1.3356607122573285
rand,siwa_gespannt,4.2204238332763415,1.4483143039786561
rand,siwa_gespannt,3.0437738807210657,1.3037882268864325
rand,siwa_hydroraum,2.8490560969447287,1.2071665395367919
rand,siwa_hydroraum,2.721454572017676,1.0364996597524105
rand,siwa_hydroraum,2.439664903740481,1.3164290651558392
rand,siwa_hydroraum,2.475243180503825,1.0254150554049166
rand,siwa_hydroraum,2.7617333723342004,1.1031481182196887
rand,siwa_hydroraum,2.773778305632363,1.1109958547126895
rand,siwa_hydroraum,2.6070937060271575,0.9399651543576506
rand,siwa_hydroraum,4.058771828565409,1.7006749427864254
rand,siwa_hydroraum,3.0882915916048517,1.2848530089546368
rand,siwa_hydroraum,3.252702158162445,1.2501389814321797
rand,siwa_hydroraum_gespannt,2.9873384372423795,1.3969186323334948
rand,siwa_hydroraum_gespannt,3.339181790997646,1.2683640684036726
rand,siwa_hydroraum_gespannt,2.648057416763315,1.2464654490052678
rand,siwa_hydroraum_gespannt,3.3334274382957436,1.4297665385022882
rand,siwa_hydroraum_gespannt,3.0794668201035145,1.1665675846954593
rand,siwa_hydroraum_gespannt,3.5449745809082813,1.3117272931773711
rand,siwa_hydroraum_gespannt,2.921278510096388,1.1011067334733988
rand,siwa_hydroraum_gespannt,4.92274799254156,1.797573874399401
rand,siwa_hydroraum_gespannt,3.713473481143816,1.5868547080573014
rand,siwa_hydroraum_gespannt,2.9348950935951414,1.2641173930951095
rand,fok_only,2.673451298198636,0.8994019186446462
rand,fok_only,2.276551900044944,1.016025242629098
rand,fok_only,2.8333607228831514,1.190589357504464
rand,fok_only,2.934472235859892,1.1631376204402377
rand,fok_only,2.671191301652139,1.0754405018197573
rand,fok_only,2.258431743291204,0.9046313965758814
rand,fok_only,2.9487120430297695,1.025602957329917
rand,fok_only,2.941715735354048,1.0726151898894685
rand,fok_only,4.031691480367007,1.3375294965939606
rand,fok_only,2.861250655025533,1.0168739229475194
rand,fuk_only,2.802407766206408,0.9454293908081526
rand,fuk_only,2.3291825680587808,1.0102430357310406
rand,fuk_only,2.9386434077551513,1.1806825782079695
rand,fuk_only,3.1502581623520287,1.1460324110365392
rand,fuk_only,2.7842974521136856,1.0987153881489746
rand,fuk_only,2.2091988369582545,0.9296772417855472
rand,fuk_only,3.033272717069919,1.0206294801224673
rand,fuk_only,2.8617156975683304,1.0774621534955533
rand,fuk_only,3.9799064146563943,1.3426209044615987
rand,fuk_only,2.6702541241635958,1.0034059953041135
rand,fok_fuk,2.7358240070560136,0.9241695902032794
rand,fok_fuk,2.392176584773193,0.9986771618840615
rand,fok_fuk,2.9015659924257466,1.1804348224237127
rand,fok_fuk,3.044016578126663,1.1447219239078736
rand,fok_fuk,2.6935891501548843,1.0962563781183632
rand,fok_fuk,2.191729883894303,0.9188478519103542
rand,fok_fuk,3.0087481160392215,1.0375782675020242
rand,fok_fuk,2.8994531433291133,1.0730021504624578
rand,fok_fuk,4.106790084915513,1.3362659382342104
rand,fok_fuk,2.8069331106121496,1.013024489696201
rand,pr1lag_only,3.522647172959199,1.4357404670775749
rand,pr1lag_only,3.2238137658810313,1.1149976066592724
rand,pr1lag_only,3.494218749416822,1.4698623146143137
rand,pr1lag_only,3.976337555302674,1.6423103167681559
rand,pr1lag_only,2.887734720119458,1.0912638589903811
rand,pr1lag_only,3.395187799938295,1.1597471192023159
rand,pr1lag_only,2.8697642813144713,1.1945638145641642
rand,pr1lag_only,3.0157092598204045,0.976919992581674
rand,pr1lag_only,4.201133372478369,1.5351760492024398
rand,pr1lag_only,2.927302708769415,1.1601035472040373
rand,pr52lag_only,2.9960383460022593,1.0905013466810107
rand,pr52lag_only,2.506515544630637,1.1904124541410712
rand,pr52lag_only,3.07497570802511,1.3819627486999524
rand,pr52lag_only,3.5758093598200817,1.6080519666640893
rand,pr52lag_only,2.5714822297765387,1.0564398236053512
rand,pr52lag_only,3.098775378020539,1.3708187769054376
rand,pr52lag_only,3.0578121015963995,1.2599528940631832
rand,pr52lag_only,3.1120124912955722,1.4052783076342985
rand,pr52lag_only,3.042630945798124,1.171249926867561
rand,pr52lag_only,2.94857254257367,1.1375862047679224
rand,pr52xcorr_only,3.1620996003241673,1.1335169091369872
rand,pr52xcorr_only,2.879598329801162,1.3050270739331458
rand,pr52xcorr_only,3.115464562294334,1.1425579087366684
rand,pr52xcorr_only,3.7091119775030625,1.7175291784838653
rand,pr52xcorr_only,3.9627314349808174,1.3530500762176603
rand,pr52xcorr_only,3.9318541142549024,1.60831853534971
rand,pr52xcorr_only,4.229414145134805,1.4785758708801073
rand,pr52xcorr_only,4.149353597502041,1.9397676459488422
rand,pr52xcorr_only,3.776258768965026,1.7568018225625657
rand,pr52xcorr_only,3.570641116044932,1.2987371671908265
rand,best_fok_fuk,3.3287219985498924,1.3851997716162774
rand,best_fok_fuk,3.471794108346878,1.4186708742562464
rand,best_fok_fuk,3.62851979331169,1.5290566528581424
rand,best_fok_fuk,3.569425495643662,1.21243476829556
rand,best_fok_fuk,3.0720705594561,1.1692785131825207
rand,best_fok_fuk,3.4873586356143704,1.4102551367033769
rand,best_fok_fuk,3.437973661699661,1.385098107475966
rand,best_fok_fuk,4.848174476124479,1.7948513248973246
rand,best_fok_fuk,4.009575136454148,1.5315690919095943
rand,best_fok_fuk,3.5114827842732317,1.4675251193561896
rand,acf_class_only,3.8366237956277622,1.2716991288158774
rand,acf_class_only,3.6023194253564617,1.3904518224232916
rand,acf_class_only,3.388113775473786,1.284154148001956
rand,acf_class_only,3.343315394625288,1.3304203211746906
rand,acf_class_only,3.586390671399891,1.2105536254876914
rand,acf_class_only,4.409855318066675,1.6260590910962074
rand,acf_class_only,2.9179454445804796,0.976373163238983
rand,acf_class_only,3.617474450444838,1.2811539048479104
rand,acf_class_only,4.721949755956919,1.618935831471275
rand,acf_class_only,3.2684438083522576,1.3348542647078148
rand,siwa_acf_class,4.360009719810641,1.2389248041869798
rand,siwa_acf_class,5.082943429959698,2.0166287846180673
rand,siwa_acf_class,4.471837466253621,1.6429108721001833
rand,siwa_acf_class,3.925909463721182,1.7416248850416962
rand,siwa_acf_class,3.4937783462417276,1.400048633862017
rand,siwa_acf_class,4.180444973774159,1.756218211673241
rand,siwa_acf_class,3.6624207386864174,1.4594043930877088
rand,siwa_acf_class,3.993389003100387,1.4749989646710813
rand,siwa_acf_class,5.755925993308862,1.9618441767809358
rand,siwa_acf_class,3.850773119374489,1.5514445646760369
rand,best_acf_class,4.128045703495427,1.666456726852524
rand,best_acf_class,4.731414258827902,1.565981869110198
rand,best_acf_class,4.239284522811069,1.7172761808898585
rand,best_acf_class,3.532455717714946,1.5825209296756133
rand,best_acf_class,2.9670534312974532,1.1484486019612645
rand,best_acf_class,4.691488157366059,1.83380671210913
rand,best_acf_class,3.6374801097858387,1.5386762387082205
rand,best_acf_class,4.323695657019703,2.0084892118635596
rand,best_acf_class,3.5182356077864543,1.7530735050310198
rand,best_acf_class,4.200742013256571,1.6173440469679197
rand,gwlk_cont_only,2.6539131828862987,0.9957421826385087
rand,gwlk_cont_only,2.93854223220997,1.2819108927469682
rand,gwlk_cont_only,3.6547786184896114,1.5658795247535773
rand,gwlk_cont_only,3.0688454627579516,1.1666501426625624
rand,gwlk_cont_only,2.6772126676703296,1.1638298410175076
rand,gwlk_cont_only,3.7906917227125865,1.4544571731757485
rand,gwlk_cont_only,3.174488399530647,1.3398681251352578
rand,gwlk_cont_only,3.5915176630142644,1.3155398149862398
rand,gwlk_cont_only,3.571442967506215,1.252094992260592
rand,gwlk_cont_only,2.897636925104262,1.026681851006216
rand,best_gwlk_cont,3.4613774909639625,1.562804964507147
rand,best_gwlk_cont,3.982118805264216,1.845924032879603
rand,best_gwlk_cont,3.9666691517712316,1.6221757626274131
rand,best_gwlk_cont,3.997602807992454,1.5756273285565334
rand,best_gwlk_cont,3.639424912696339,1.2326547913882147
rand,best_gwlk_cont,3.545318317018312,1.246894972037894
rand,best_gwlk_cont,3.0028887769782124,1.1340180423517507
rand,best_gwlk_cont,5.796954364662006,2.3907628177354576
rand,best_gwlk_cont,4.408582343199091,1.848244182830029
rand,best_gwlk_cont,3.518026728315822,1.4892649461102838
rand,best_gwlk_onehot,3.6019610398542525,1.4867596675325452
rand,best_gwlk_onehot,4.295425299934827,1.8095995149863744
rand,best_gwlk_onehot,3.779496730828731,1.7633239965023977
rand,best_gwlk_onehot,4.092937755459367,1.6078779037151298
rand,best_gwlk_onehot,3.2841667238573873,1.2693060763913204
rand,best_gwlk_onehot,3.5896634484332806,1.2415852317973244
rand,best_gwlk_onehot,2.8677776655985903,1.3017104312045236
rand,best_gwlk_onehot,5.297874897792902,2.1173207105986744
rand,best_gwlk_onehot,4.875284123677925,1.7127367793514405
rand,best_gwlk_onehot,3.7014013358334057,1.5509145065429473
rand,siwa_fok,3.897614198868755,1.4682566007756916
rand,siwa_fok,3.8730724632512397,1.3801864823692944
rand,siwa_fok,3.296880504837704,1.3947044535817223
rand,siwa_fok,2.8167148762386636,1.4127837745266012
rand,siwa_fok,3.188496849901321,1.1778886413539134
rand,siwa_fok,4.1280479116322955,1.520085990257422
rand,siwa_fok,3.5165555525801375,1.4567489032498275
rand,siwa_fok,4.566112809443521,1.8016335978359552
rand,siwa_fok,4.506484381732744,1.642820870734182
rand,siwa_fok,3.333521495108724,1.2743817357854446
rand,siwa_fuk,3.734787586721666,1.4478850707583664
rand,siwa_fuk,3.956400343572243,1.3926072271794365
rand,siwa_fuk,3.2051076962702694,1.3656362229435393
rand,siwa_fuk,2.7958493838651357,1.3983667577201615
rand,siwa_fuk,3.1644114975810584,1.2403936466978602
rand,siwa_fuk,4.102236257132084,1.5068712740293084
rand,siwa_fuk,3.4077822048872175,1.4320954843144729
rand,siwa_fuk,4.413090210550433,1.7752024709548777
rand,siwa_fuk,4.439788719232505,1.6380894546146267
rand,siwa_fuk,3.2259104364973465,1.2206307951467705
rand,siwa_fok_fuk,3.832934816129667,1.4453927349732132
rand,siwa_fok_fuk,3.9590720617656716,1.3908001584089535
rand,siwa_fok_fuk,3.193477819340387,1.3578431328011091
rand,siwa_fok_fuk,2.7861539338874786,1.4236394058025543
rand,siwa_fok_fuk,3.171983841012411,1.2010379717930535
rand,siwa_fok_fuk,4.147579567169844,1.5124857844602468
rand,siwa_fok_fuk,3.500832311627799,1.457033821754202
rand,siwa_fok_fuk,4.449427358991148,1.7672736779827498
rand,siwa_fok_fuk,4.515272860698945,1.6363050644176202
rand,siwa_fok_fuk,3.2691431639200346,1.2495028587788672
rand,best_fok,3.341729330467156,1.3942762716591526
rand,best_fok,3.459190672947987,1.3976384902287002
rand,best_fok,3.6330637117052156,1.5109167071846832
rand,best_fok,3.5787386193953434,1.231868360478273
rand,best_fok,3.094076242918968,1.2368402990421163
rand,best_fok,3.471028924723199,1.4302391552627474
rand,best_fok,3.414695243264098,1.4078020953098656
rand,best_fok,4.673802225651997,1.7044114277218205
rand,best_fok,3.956751185994607,1.5239175283184014
rand,best_fok,3.6573428332214313,1.4287483517384298
rand,best_fuk,3.3884053696229754,1.4025609952539302
rand,best_fuk,3.4475020638131566,1.4465005250050913
rand,best_fuk,3.5537478383220513,1.5784139684482494
rand,best_fuk,3.758438049321965,1.2385742525762375
rand,best_fuk,3.1133073508161293,1.1857194593402596
rand,best_fuk,3.525644858213878,1.3544921698870538
rand,best_fuk,3.3272798206233656,1.4142412116363035
rand,best_fuk,4.701510351743505,1.9029033449466213
rand,best_fuk,3.9760377048006106,1.5891176283308055
rand,best_fuk,3.4553828865940144,1.4260002054150773
rand,best_pr1lag,3.4114015499761394,1.3130850517569461
rand,best_pr1lag,4.167234271146851,1.5033412178651928
rand,best_pr1lag,3.6697599291893264,1.4376550715580283
rand,best_pr1lag,3.8190071008931934,1.4592749149547886
rand,best_pr1lag,3.8809401663064973,1.3970227911512816
rand,best_pr1lag,3.466917802541418,1.2638935826073168
rand,best_pr1lag,3.3354545795861252,1.4526651337833454
rand,best_pr1lag,5.589966343008491,2.143149219905567
rand,best_pr1lag,5.131816883939034,2.1340494259179303
rand,best_pr1lag,3.9641122335474606,1.37840956952526
rand,best_pr52lag,3.2952157214827746,1.3826716108646209
rand,best_pr52lag,4.651784782818265,1.730244940137204
rand,best_pr52lag,3.5886522722400356,1.6420185743159603
rand,best_pr52lag,4.327268489952054,1.6953130790908237
rand,best_pr52lag,3.523021070219614,1.3726833898285367
rand,best_pr52lag,3.6744472002056447,1.3746279147805085
rand,best_pr52lag,2.7724725809165873,1.2980846537215953
rand,best_pr52lag,5.202047437919047,2.352811624000542
rand,best_pr52lag,4.061804871909588,1.8127923051196633
rand,best_pr52lag,3.5431122200595597,1.4941348396886207
rand,best_pr52xcorr,3.731939461938947,1.5529938841518818
rand,best_pr52xcorr,4.206568928878797,2.0644906828722247
rand,best_pr52xcorr,3.8535968251827057,1.7197772404599014
rand,best_pr52xcorr,4.821347894988479,1.9999719318733757
rand,best_pr52xcorr,4.644549819719312,1.4600481650294177
rand,best_pr52xcorr,4.108020203553957,1.464626231613787
rand,best_pr52xcorr,4.168920779631673,1.8416419177289916
rand,best_pr52xcorr,4.085439207601649,1.8274341920639265
rand,best_pr52xcorr,5.618734644478984,1.8805626366142203
rand,best_pr52xcorr,4.315543064015155,1.4498560212991654
rand,best_pr_all,3.934738255434085,1.6237296951755438
rand,best_pr_all,4.516396374128271,2.2721480155727014
rand,best_pr_all,4.016364415494113,1.751775842650118
rand,best_pr_all,4.424217094498934,2.023821075154184
rand,best_pr_all,4.315396668073269,1.5768598818041835
rand,best_pr_all,4.083793045584999,1.4019137596047244
rand,best_pr_all,4.019555145901224,1.8787933989440742
rand,best_pr_all,4.498056430138846,1.9302696304012983
rand,best_pr_all,5.225037535549557,2.1815136830486512
rand,best_pr_all,4.19766137830387,1.5054202936609191
