run_number,objective,elapsed_s,model_prefix,RMSE_pooled,nRMSE,NSE_pooled,NSE_id_median,MAE_pooled,backend,n_inducing,pretrain_steps,jitter,max_pretrain_pts,variational_lr,hpo_name,trial,gru_run_sig,gp_run_tag,split,dir_name
1,4.504837920513921,,,4.504837920513921,0.20913825072023776,0.9614844978895883,-26.756218875554982,2.3223863555982756,,,,,,,,,gru_l2_seed40_ep50_full_merged_spf0p8_sc20_ss42,cmp_gru_skl,predobstrain,gru_l2_seed40_ep50_full_merged_spf0p8_sc20_ss42__cmp_gru_skl__predobstrain
2,0.2091761052750564,36.509,GRU_FCOV,4.505653307624716,0.20917610527505645,0.9614705538202402,-25.74902078371183,2.32471717201315,gpytorch,64.0,100.0,0.0001,128.0,0.01,gp_gpytorch_hpo_v2,8.0,gru_l2_seed40_ep50_full_merged_spf0p8_sc20_ss42,gp_gpytorch_hpo_v2_t008,predobstrain,GRU_FCOV_gru_l2_seed40_ep50_full_merged_spf0p8_sc20_ss42__gp_gpytorch_hpo_v2_t008__predobstrain
3,0.2092591032438235,36.949,GRU_FCOV,4.507441083871958,0.20925910324382352,0.9614399719313649,-23.96472366171986,2.3273242232146147,gpytorch,64.0,100.0,0.0001,512.0,0.01,gp_gpytorch_hpo_v3,9.0,gru_l2_seed40_ep50_full_merged_spf0p8_sc20_ss42,gp_gpytorch_hpo_v3_t009,predobstrain,GRU_FCOV_gru_l2_seed40_ep50_full_merged_spf0p8_sc20_ss42__gp_gpytorch_hpo_v3_t009__predobstrain
4,0.2092872817455084,36.557,GRU_FCOV,4.508048048798252,0.20928728174550845,0.961429586366708,-25.265373587257038,2.3263331794481803,gpytorch,32.0,100.0,0.0001,128.0,0.01,gp_gpytorch_hpo_v2,11.0,gru_l2_seed40_ep50_full_merged_spf0p8_sc20_ss42,gp_gpytorch_hpo_v2_t011,predobstrain,GRU_FCOV_gru_l2_seed40_ep50_full_merged_spf0p8_sc20_ss42__gp_gpytorch_hpo_v2_t011__predobstrain
5,0.2093635062686606,37.974,GRU_FCOV,4.50968992502695,0.20936350626866063,0.9614014857888493,-25.13226533693863,2.326063448455267,gpytorch,64.0,100.0,0.0001,128.0,0.01,gp_gpytorch_hpo_v3,11.0,gru_l2_seed40_ep50_full_merged_spf0p8_sc20_ss42,gp_gpytorch_hpo_v3_t011,predobstrain,GRU_FCOV_gru_l2_seed40_ep50_full_merged_spf0p8_sc20_ss42__gp_gpytorch_hpo_v3_t011__predobstrain
6,0.2095011425737107,118.668,GRU_FCOV,4.512654611037728,0.2095011425737107,0.961350719509492,-24.618126673673217,2.327439427377614,gpytorch,32.0,100.0,0.001,128.0,0.01,gp_gpytorch_hpo_v2,1.0,gru_l2_seed40_ep50_full_merged_spf0p8_sc20_ss42,gp_gpytorch_hpo_v2_t001,predobstrain,GRU_FCOV_gru_l2_seed40_ep50_full_merged_spf0p8_sc20_ss42__gp_gpytorch_hpo_v2_t001__predobstrain
7,0.2096625584419519,36.679,GRU_FCOV,4.516131508839644,0.20966255844195192,0.9612911397817339,-24.0447421666298,2.3294991740644266,gpytorch,128.0,100.0,0.001,128.0,0.01,gp_gpytorch_hpo_v2,7.0,gru_l2_seed40_ep50_full_merged_spf0p8_sc20_ss42,gp_gpytorch_hpo_v2_t007,predobstrain,GRU_FCOV_gru_l2_seed40_ep50_full_merged_spf0p8_sc20_ss42__gp_gpytorch_hpo_v2_t007__predobstrain
8,0.2098477215573516,37.722,GRU_FCOV,4.520119922345354,0.20984772155735162,0.9612227382686871,-23.615733946867817,2.3278704851685994,gpytorch,128.0,100.0,0.0001,128.0,0.01,gp_gpytorch_hpo_v2,2.0,gru_l2_seed40_ep50_full_merged_spf0p8_sc20_ss42,gp_gpytorch_hpo_v2_t002,predobstrain,GRU_FCOV_gru_l2_seed40_ep50_full_merged_spf0p8_sc20_ss42__gp_gpytorch_hpo_v2_t002__predobstrain
9,0.2099616987306681,38.524,GRU_FCOV,4.522574990658592,0.20996169873066817,0.9611806036873113,-24.278378487654695,2.3303183758500343,gpytorch,64.0,100.0,0.001,128.0,0.01,gp_gpytorch_hpo_v2,5.0,gru_l2_seed40_ep50_full_merged_spf0p8_sc20_ss42,gp_gpytorch_hpo_v2_t005,predobstrain,GRU_FCOV_gru_l2_seed40_ep50_full_merged_spf0p8_sc20_ss42__gp_gpytorch_hpo_v2_t005__predobstrain
10,4.547634754653811,,,4.547634754653811,0.20985854889957595,0.9609874686602079,-20.164702365316348,2.394558719584689,,,,,,,,,GRU_FCOV,in52_out16_ep5_bs4096_seed40_full_merged_spf0p8_sc20_ss42,predobstrain,GRU_FCOV__in52_out16_ep5_bs4096_seed40_full_merged_spf0p8_sc20_ss42__predobstrain
11,0.2139180087501883,42.432,GRU_FCOV,4.607793908479057,0.21391800875018838,0.9597038721035676,-29.27780849549332,2.347476564889141,gpytorch,64.0,200.0,0.0001,128.0,0.01,gp_gpytorch_hpo_v3,3.0,gru_l2_seed40_ep50_full_merged_spf0p8_sc20_ss42,gp_gpytorch_hpo_v3_t003,predobstrain,GRU_FCOV_gru_l2_seed40_ep50_full_merged_spf0p8_sc20_ss42__gp_gpytorch_hpo_v3_t003__predobstrain
12,0.2199673019904093,61.879,GRU_FCOV,4.738095684873418,0.21996730199040937,0.9573926152797658,-28.363256977686355,2.489578498439399,gpytorch,64.0,500.0,0.0001,512.0,0.001,gp_gpytorch_hpo_v3,10.0,gru_l2_seed40_ep50_full_merged_spf0p8_sc20_ss42,gp_gpytorch_hpo_v3_t010,predobstrain,GRU_FCOV_gru_l2_seed40_ep50_full_merged_spf0p8_sc20_ss42__gp_gpytorch_hpo_v3_t010__predobstrain
13,0.2204491335731617,59.977,GRU_FCOV,4.748474337165903,0.2204491335731617,0.9572057505217749,-28.73308614566906,2.4955378727348347,gpytorch,64.0,500.0,0.0001,128.0,0.001,gp_gpytorch_hpo_v3,8.0,gru_l2_seed40_ep50_full_merged_spf0p8_sc20_ss42,gp_gpytorch_hpo_v3_t008,predobstrain,GRU_FCOV_gru_l2_seed40_ep50_full_merged_spf0p8_sc20_ss42__gp_gpytorch_hpo_v3_t008__predobstrain
14,0.2276343438622362,126.108,GRU_FCOV,4.903243766792568,0.22763434386223622,0.9543706593159651,-28.203982891106662,2.4449748750383327,gpytorch,64.0,200.0,0.0001,512.0,0.01,gp_gpytorch_hpo_v3,1.0,gru_l2_seed40_ep50_full_merged_spf0p8_sc20_ss42,gp_gpytorch_hpo_v3_t001,predobstrain,GRU_FCOV_gru_l2_seed40_ep50_full_merged_spf0p8_sc20_ss42__gp_gpytorch_hpo_v3_t001__predobstrain
15,0.2371833648854227,61.299,GRU_FCOV,5.1089296796320065,0.23718336488542277,0.950462159132507,-42.370953723953335,2.69135211727928,gpytorch,64.0,500.0,0.0001,512.0,0.01,gp_gpytorch_hpo_v3,7.0,gru_l2_seed40_ep50_full_merged_spf0p8_sc20_ss42,gp_gpytorch_hpo_v3_t007,predobstrain,GRU_FCOV_gru_l2_seed40_ep50_full_merged_spf0p8_sc20_ss42__gp_gpytorch_hpo_v3_t007__predobstrain
16,0.2372772119709849,43.952,GRU_FCOV,5.110951145855014,0.2372772119709849,0.9504229497914021,-45.851243149612344,2.7951257998936736,gpytorch,64.0,200.0,0.0001,512.0,0.001,gp_gpytorch_hpo_v3,2.0,gru_l2_seed40_ep50_full_merged_spf0p8_sc20_ss42,gp_gpytorch_hpo_v3_t002,predobstrain,GRU_FCOV_gru_l2_seed40_ep50_full_merged_spf0p8_sc20_ss42__gp_gpytorch_hpo_v3_t002__predobstrain
17,5.209706036276161,,GRU_FCOV,5.209706036276161,0.24186193297475217,0.9484885635808555,-45.87497925632553,2.868013773408837,,,,,,,,,gru_l2_seed40_ep50_full_merged_spf0p8_sc20_ss42,gp_stability_v1_t008,predobstrain,GRU_FCOV_gru_l2_seed40_ep50_full_merged_spf0p8_sc20_ss42__gp_stability_v1_t008__predobstrain
18,5.209706036276161,,GRU_FCOV,5.209706036276161,0.24186193297475217,0.9484885635808555,-45.87497925632553,2.868013773408837,,,,,,,,,gru_l2_seed40_ep50_full_merged_spf0p8_sc20_ss42,gp_stability_v1_t007,predobstrain,GRU_FCOV_gru_l2_seed40_ep50_full_merged_spf0p8_sc20_ss42__gp_stability_v1_t007__predobstrain
19,5.209706036276161,,GRU_FCOV,5.209706036276161,0.24186193297475217,0.9484885635808555,-45.87497925632553,2.868013773408837,,,,,,,,,gru_l2_seed40_ep50_full_merged_spf0p8_sc20_ss42,gp_stability_v1_t006,predobstrain,GRU_FCOV_gru_l2_seed40_ep50_full_merged_spf0p8_sc20_ss42__gp_stability_v1_t006__predobstrain
20,5.209706036276161,,GRU_FCOV,5.209706036276161,0.24186193297475217,0.9484885635808555,-45.87497925632553,2.868013773408837,,,,,,,,,gru_l2_seed40_ep50_full_merged_spf0p8_sc20_ss42,gp_stability_v1_t005,predobstrain,GRU_FCOV_gru_l2_seed40_ep50_full_merged_spf0p8_sc20_ss42__gp_stability_v1_t005__predobstrain
21,5.209706036276161,,GRU_FCOV,5.209706036276161,0.24186193297475217,0.9484885635808555,-45.87497925632553,2.868013773408837,,,,,,,,,gru_l2_seed40_ep50_full_merged_spf0p8_sc20_ss42,gp_stability_v1_t003,predobstrain,GRU_FCOV_gru_l2_seed40_ep50_full_merged_spf0p8_sc20_ss42__gp_stability_v1_t003__predobstrain
22,5.209706036276161,,GRU_FCOV,5.209706036276161,0.24186193297475217,0.9484885635808555,-45.87497925632553,2.868013773408837,,,,,,,,,gru_l2_seed40_ep50_full_merged_spf0p8_sc20_ss42,gp_stability_v1_t002,predobstrain,GRU_FCOV_gru_l2_seed40_ep50_full_merged_spf0p8_sc20_ss42__gp_stability_v1_t002__predobstrain
23,5.209706036276161,,GRU_FCOV,5.209706036276161,0.24186193297475217,0.9484885635808555,-45.87497925632553,2.868013773408837,,,,,,,,,gru_l2_seed40_ep50_full_merged_spf0p8_sc20_ss42,gp_stability_v1_t001,predobstrain,GRU_FCOV_gru_l2_seed40_ep50_full_merged_spf0p8_sc20_ss42__gp_stability_v1_t001__predobstrain
24,5.216067154430713,,GRU_FCOV,5.216067154430713,0.2421572495093182,0.9483626945295355,-48.723772056325885,2.8761506577581146,,,,,,,,,gru_l2_seed40_ep50_full_merged_spf0p8_sc20_ss42,gp_oracle_diag_p100,predobstrain,GRU_FCOV_gru_l2_seed40_ep50_full_merged_spf0p8_sc20_ss42__gp_oracle_diag_p100__predobstrain
25,5.216067154430713,,GRU_FCOV,5.216067154430713,0.2421572495093182,0.9483626945295355,-48.723772056325885,2.8761506577581146,,,,,,,,,gru_l2_seed40_ep50_full_merged_spf0p8_sc20_ss42,gp_oracle_diag_p0,predobstrain,GRU_FCOV_gru_l2_seed40_ep50_full_merged_spf0p8_sc20_ss42__gp_oracle_diag_p0__predobstrain
26,0.244672545462298,37.592,GRU_FCOV,5.270246629257898,0.244672545462298,0.9472844063019278,-48.9566955247151,2.9199099867274283,gpytorch,64.0,100.0,0.0001,512.0,0.001,gp_gpytorch_hpo_v3,4.0,gru_l2_seed40_ep50_full_merged_spf0p8_sc20_ss42,gp_gpytorch_hpo_v3_t004,predobstrain,GRU_FCOV_gru_l2_seed40_ep50_full_merged_spf0p8_sc20_ss42__gp_gpytorch_hpo_v3_t004__predobstrain
27,5.080923096944585,,TFT,5.080923096944585,0.1994082848094421,0.9458582332388655,-18.920393445558513,2.450851317395272,,,,,,,,,in52_out16_ep50_bs4096_stat1_seed40_full_merged,predobstrain,,TFT_in52_out16_ep50_bs4096_stat1_seed40_full_merged__predobstrain
28,5.134,,,5.134,0.202,0.945,,2.552,,,,,,,,,in52_out16_ep50_bs4096_stat1_seed9898_full_merged,,,in52_out16_ep50_bs4096_stat1_seed9898_full_merged
29,0.2526086729259357,32.336,GRU_FCOV,5.441190814824655,0.2526086729259357,0.9438092102277338,-50.62346838994233,3.043883429763158,gpytorch,128.0,0.0,0.0001,128.0,0.01,gp_gpytorch_hpo_v2,9.0,gru_l2_seed40_ep50_full_merged_spf0p8_sc20_ss42,gp_gpytorch_hpo_v2_t009,predobstrain,GRU_FCOV_gru_l2_seed40_ep50_full_merged_spf0p8_sc20_ss42__gp_gpytorch_hpo_v2_t009__predobstrain
30,0.2526086729259357,32.71,GRU_FCOV,5.441190814824655,0.2526086729259357,0.9438092102277338,-50.62346838994233,3.043883429763158,gpytorch,32.0,0.0,0.0001,128.0,0.01,gp_gpytorch_hpo_v2,10.0,gru_l2_seed40_ep50_full_merged_spf0p8_sc20_ss42,gp_gpytorch_hpo_v2_t010,predobstrain,GRU_FCOV_gru_l2_seed40_ep50_full_merged_spf0p8_sc20_ss42__gp_gpytorch_hpo_v2_t010__predobstrain
31,0.2526086729259357,31.345,GRU_FCOV,5.441190814824655,0.2526086729259357,0.9438092102277338,-50.62346838994233,3.043883429763158,gpytorch,64.0,0.0,0.0001,128.0,0.01,gp_gpytorch_hpo_v2,3.0,gru_l2_seed40_ep50_full_merged_spf0p8_sc20_ss42,gp_gpytorch_hpo_v2_t003,predobstrain,GRU_FCOV_gru_l2_seed40_ep50_full_merged_spf0p8_sc20_ss42__gp_gpytorch_hpo_v2_t003__predobstrain
32,0.2542384464610545,58.06,GRU_FCOV,5.476296136771113,0.2542384464610545,0.943081810950008,-65.20881490215316,2.9771590466675564,gpytorch,64.0,500.0,0.0001,128.0,0.01,gp_gpytorch_hpo_v3,6.0,gru_l2_seed40_ep50_full_merged_spf0p8_sc20_ss42,gp_gpytorch_hpo_v3_t006,predobstrain,GRU_FCOV_gru_l2_seed40_ep50_full_merged_spf0p8_sc20_ss42__gp_gpytorch_hpo_v3_t006__predobstrain
33,0.2552630723481104,31.493,GRU_FCOV,5.498366578378298,0.2552630723481104,0.9426221057369583,-53.50161852063589,3.0827503640484712,gpytorch,32.0,0.0,0.001,128.0,0.01,gp_gpytorch_hpo_v2,6.0,gru_l2_seed40_ep50_full_merged_spf0p8_sc20_ss42,gp_gpytorch_hpo_v2_t006,predobstrain,GRU_FCOV_gru_l2_seed40_ep50_full_merged_spf0p8_sc20_ss42__gp_gpytorch_hpo_v2_t006__predobstrain
34,0.2552630723481104,31.229,GRU_FCOV,5.498366578378298,0.2552630723481104,0.9426221057369583,-53.50161852063589,3.0827503640484712,gpytorch,128.0,0.0,0.001,128.0,0.01,gp_gpytorch_hpo_v2,12.0,gru_l2_seed40_ep50_full_merged_spf0p8_sc20_ss42,gp_gpytorch_hpo_v2_t012,predobstrain,GRU_FCOV_gru_l2_seed40_ep50_full_merged_spf0p8_sc20_ss42__gp_gpytorch_hpo_v2_t012__predobstrain
35,0.2552630723481104,32.032,GRU_FCOV,5.498366578378298,0.2552630723481104,0.9426221057369583,-53.50161852063589,3.0827503640484712,gpytorch,64.0,0.0,0.001,128.0,0.01,gp_gpytorch_hpo_v2,4.0,gru_l2_seed40_ep50_full_merged_spf0p8_sc20_ss42,gp_gpytorch_hpo_v2_t004,predobstrain,GRU_FCOV_gru_l2_seed40_ep50_full_merged_spf0p8_sc20_ss42__gp_gpytorch_hpo_v2_t004__predobstrain
36,5.498413378391878,,GRU_FCOV,5.498413378391878,0.2552652450506907,0.942621128974998,-53.45275945263355,3.0828207359545257,,,,,,,,,gru_l2_seed40_ep50_full_merged_spf0p8_sc20_ss42,gp_pretrain_effect_v2_t007,predobstrain,GRU_FCOV_gru_l2_seed40_ep50_full_merged_spf0p8_sc20_ss42__gp_pretrain_effect_v2_t007__predobstrain
37,5.498413378391878,,GRU_FCOV,5.498413378391878,0.2552652450506907,0.942621128974998,-53.45275945263355,3.0828207359545257,,,,,,,,,gru_l2_seed40_ep50_full_merged_spf0p8_sc20_ss42,gp_pretrain_effect_v2_t004,predobstrain,GRU_FCOV_gru_l2_seed40_ep50_full_merged_spf0p8_sc20_ss42__gp_pretrain_effect_v2_t004__predobstrain
38,5.498413378391878,,GRU_FCOV,5.498413378391878,0.2552652450506907,0.942621128974998,-53.45275945263355,3.0828207359545257,,,,,,,,,gru_l2_seed40_ep50_full_merged_spf0p8_sc20_ss42,gp_pretrain_effect_v2_t012,predobstrain,GRU_FCOV_gru_l2_seed40_ep50_full_merged_spf0p8_sc20_ss42__gp_pretrain_effect_v2_t012__predobstrain
39,5.498413378391878,,GRU_FCOV,5.498413378391878,0.2552652450506907,0.942621128974998,-53.45275945263355,3.0828207359545257,,,,,,,,,gru_l2_seed40_ep50_full_merged_spf0p8_sc20_ss42,gp_pretrain_effect_v2_t011,predobstrain,GRU_FCOV_gru_l2_seed40_ep50_full_merged_spf0p8_sc20_ss42__gp_pretrain_effect_v2_t011__predobstrain
40,5.498413378391878,,GRU_FCOV,5.498413378391878,0.2552652450506907,0.942621128974998,-53.45275945263355,3.0828207359545257,,,,,,,,,gru_l2_seed40_ep50_full_merged_spf0p8_sc20_ss42,gp_pretrain_effect_v2_t010,predobstrain,GRU_FCOV_gru_l2_seed40_ep50_full_merged_spf0p8_sc20_ss42__gp_pretrain_effect_v2_t010__predobstrain
41,5.498413378391878,,GRU_FCOV,5.498413378391878,0.2552652450506907,0.942621128974998,-53.45275945263355,3.0828207359545257,,,,,,,,,gru_l2_seed40_ep50_full_merged_spf0p8_sc20_ss42,gp_pretrain_effect_v2_t009,predobstrain,GRU_FCOV_gru_l2_seed40_ep50_full_merged_spf0p8_sc20_ss42__gp_pretrain_effect_v2_t009__predobstrain
42,5.498413378391878,,GRU_FCOV,5.498413378391878,0.2552652450506907,0.942621128974998,-53.45275945263355,3.0828207359545257,,,,,,,,,gru_l2_seed40_ep50_full_merged_spf0p8_sc20_ss42,gp_pretrain_effect_v2_t008,predobstrain,GRU_FCOV_gru_l2_seed40_ep50_full_merged_spf0p8_sc20_ss42__gp_pretrain_effect_v2_t008__predobstrain
43,5.498413378391878,,GRU_FCOV,5.498413378391878,0.2552652450506907,0.942621128974998,-53.45275945263355,3.0828207359545257,,,,,,,,,gru_l2_seed40_ep50_full_merged_spf0p8_sc20_ss42,gp_pretrain_effect_v2_t006,predobstrain,GRU_FCOV_gru_l2_seed40_ep50_full_merged_spf0p8_sc20_ss42__gp_pretrain_effect_v2_t006__predobstrain
44,5.498413378391878,,GRU_FCOV,5.498413378391878,0.2552652450506907,0.942621128974998,-53.45275945263355,3.0828207359545257,,,,,,,,,gru_l2_seed40_ep50_full_merged_spf0p8_sc20_ss42,gp_pretrain_effect_v2_t005,predobstrain,GRU_FCOV_gru_l2_seed40_ep50_full_merged_spf0p8_sc20_ss42__gp_pretrain_effect_v2_t005__predobstrain
45,5.498413378391878,,GRU_FCOV,5.498413378391878,0.2552652450506907,0.942621128974998,-53.45275945263355,3.0828207359545257,,,,,,,,,gru_l2_seed40_ep50_full_merged_spf0p8_sc20_ss42,gp_pretrain_effect_v2_t003,predobstrain,GRU_FCOV_gru_l2_seed40_ep50_full_merged_spf0p8_sc20_ss42__gp_pretrain_effect_v2_t003__predobstrain
46,5.498413378391878,,GRU_FCOV,5.498413378391878,0.2552652450506907,0.942621128974998,-53.45275945263355,3.0828207359545257,,,,,,,,,gru_l2_seed40_ep50_full_merged_spf0p8_sc20_ss42,gp_pretrain_effect_v2_t002,predobstrain,GRU_FCOV_gru_l2_seed40_ep50_full_merged_spf0p8_sc20_ss42__gp_pretrain_effect_v2_t002__predobstrain
47,5.498413378391878,,GRU_FCOV,5.498413378391878,0.2552652450506907,0.942621128974998,-53.45275945263355,3.0828207359545257,,,,,,,,,gru_l2_seed40_ep50_full_merged_spf0p8_sc20_ss42,gp_pretrain_effect_v2_t001,predobstrain,GRU_FCOV_gru_l2_seed40_ep50_full_merged_spf0p8_sc20_ss42__gp_pretrain_effect_v2_t001__predobstrain
48,5.498413378391878,,GRU_FCOV,5.498413378391878,0.2552652450506907,0.942621128974998,-53.45275945263355,3.0828207359545257,,,,,,,,,gru_l2_seed40_ep50_full_merged_spf0p8_sc20_ss42,cmp_gru_custom,predobstrain,GRU_FCOV_gru_l2_seed40_ep50_full_merged_spf0p8_sc20_ss42__cmp_gru_custom__predobstrain
49,6.396237219309703,,GRU_FCOV,6.396237219309703,0.2146388328627417,0.9391542754335652,-110.79082031582361,3.490582011591836,,,,,,,,,in52_out16_ep50_bs4096_seed40_full_merged_r0_s0_spf0p9_sc20_ss42,gp_pytorch_matern32,predobstrain,GRU_FCOV_in52_out16_ep50_bs4096_seed40_full_merged_r0_s0_spf0p9_sc20_ss42__gp_pytorch_matern32__predobstrain
50,0.2847362216470516,37.176,GRU_FCOV,6.133218214277491,0.2847362216470516,0.9286072588409038,-76.56149521241585,3.4698416013778814,gpytorch,64.0,100.0,0.0001,512.0,0.1,gp_gpytorch_hpo_v3,12.0,gru_l2_seed40_ep50_full_merged_spf0p8_sc20_ss42,gp_gpytorch_hpo_v3_t012,predobstrain,GRU_FCOV_gru_l2_seed40_ep50_full_merged_spf0p8_sc20_ss42__gp_gpytorch_hpo_v3_t012__predobstrain
51,0.3231631169596076,43.472,GRU_FCOV,6.960933539309947,0.3231631169596076,0.9080371973612366,-138.8422884322163,4.019366642591341,gpytorch,64.0,200.0,0.0001,128.0,0.1,gp_gpytorch_hpo_v3,5.0,gru_l2_seed40_ep50_full_merged_spf0p8_sc20_ss42,gp_gpytorch_hpo_v3_t005,predobstrain,GRU_FCOV_gru_l2_seed40_ep50_full_merged_spf0p8_sc20_ss42__gp_gpytorch_hpo_v3_t005__predobstrain
52,0.336087682855446,43.535,GRU_FCOV,7.239328688706307,0.336087682855446,0.900534192080353,-158.18933312757068,4.295726117433829,gpytorch,128.0,100.0,0.0001,128.0,0.01,gp_gpytorch_hpo_v1,2.0,gru_l2_seed40_ep50_full_merged_spf0p8_sc20_ss42,gp_gpytorch_hpo_v1_t002,predobstrain,GRU_FCOV_gru_l2_seed40_ep50_full_merged_spf0p8_sc20_ss42__gp_gpytorch_hpo_v1_t002__predobstrain
53,0.3369356146013054,42.784,GRU_FCOV,7.257593138512119,0.33693561460130544,0.9000316648324942,-159.4480642525836,4.311034049687288,gpytorch,64.0,100.0,0.0001,128.0,0.01,gp_gpytorch_hpo_v1,8.0,gru_l2_seed40_ep50_full_merged_spf0p8_sc20_ss42,gp_gpytorch_hpo_v1_t008,predobstrain,GRU_FCOV_gru_l2_seed40_ep50_full_merged_spf0p8_sc20_ss42__gp_gpytorch_hpo_v1_t008__predobstrain
54,0.3374077161877391,44.135,GRU_FCOV,7.2677622066839005,0.3374077161877391,0.8997513247813943,-160.0767349618569,4.320044998818726,gpytorch,128.0,100.0,0.001,128.0,0.01,gp_gpytorch_hpo_v1,7.0,gru_l2_seed40_ep50_full_merged_spf0p8_sc20_ss42,gp_gpytorch_hpo_v1_t007,predobstrain,GRU_FCOV_gru_l2_seed40_ep50_full_merged_spf0p8_sc20_ss42__gp_gpytorch_hpo_v1_t007__predobstrain
55,0.33795081838872,42.572,GRU_FCOV,7.279460628093029,0.33795081838872004,0.8994283381277567,-170.0028210987329,4.32575884135115,gpytorch,64.0,100.0,0.001,128.0,0.01,gp_gpytorch_hpo_v1,5.0,gru_l2_seed40_ep50_full_merged_spf0p8_sc20_ss42,gp_gpytorch_hpo_v1_t005,predobstrain,GRU_FCOV_gru_l2_seed40_ep50_full_merged_spf0p8_sc20_ss42__gp_gpytorch_hpo_v1_t005__predobstrain
56,0.3380179161721669,42.891,GRU_FCOV,7.280905914348475,0.3380179161721669,0.899388398555963,-162.56436585770672,4.329415469164105,gpytorch,32.0,100.0,0.0001,128.0,0.01,gp_gpytorch_hpo_v1,11.0,gru_l2_seed40_ep50_full_merged_spf0p8_sc20_ss42,gp_gpytorch_hpo_v1_t011,predobstrain,GRU_FCOV_gru_l2_seed40_ep50_full_merged_spf0p8_sc20_ss42__gp_gpytorch_hpo_v1_t011__predobstrain
57,0.3395603289575755,128.855,GRU_FCOV,7.314129485746176,0.3395603289575755,0.8984681001031368,-177.38248191739976,4.354239856496435,gpytorch,32.0,100.0,0.001,128.0,0.01,gp_gpytorch_hpo_v1,1.0,gru_l2_seed40_ep50_full_merged_spf0p8_sc20_ss42,gp_gpytorch_hpo_v1_t001,predobstrain,GRU_FCOV_gru_l2_seed40_ep50_full_merged_spf0p8_sc20_ss42__gp_gpytorch_hpo_v1_t001__predobstrain
58,0.4116574259866801,30.278,GRU_FCOV,8.86710095575309,0.41165742598668015,0.8507753633997621,-437.1078384820863,5.458133310487394,gpytorch,64.0,0.0,0.0001,128.0,0.01,gp_gpytorch_hpo_v1,3.0,gru_l2_seed40_ep50_full_merged_spf0p8_sc20_ss42,gp_gpytorch_hpo_v1_t003,predobstrain,GRU_FCOV_gru_l2_seed40_ep50_full_merged_spf0p8_sc20_ss42__gp_gpytorch_hpo_v1_t003__predobstrain
59,0.4116574259866801,30.229,GRU_FCOV,8.86710095575309,0.41165742598668015,0.8507753633997621,-437.1078384820863,5.458133310487394,gpytorch,128.0,0.0,0.0001,128.0,0.01,gp_gpytorch_hpo_v1,9.0,gru_l2_seed40_ep50_full_merged_spf0p8_sc20_ss42,gp_gpytorch_hpo_v1_t009,predobstrain,GRU_FCOV_gru_l2_seed40_ep50_full_merged_spf0p8_sc20_ss42__gp_gpytorch_hpo_v1_t009__predobstrain
60,0.4116574259866801,30.301,GRU_FCOV,8.86710095575309,0.41165742598668015,0.8507753633997621,-437.1078384820863,5.458133310487394,gpytorch,32.0,0.0,0.0001,128.0,0.01,gp_gpytorch_hpo_v1,10.0,gru_l2_seed40_ep50_full_merged_spf0p8_sc20_ss42,gp_gpytorch_hpo_v1_t010,predobstrain,GRU_FCOV_gru_l2_seed40_ep50_full_merged_spf0p8_sc20_ss42__gp_gpytorch_hpo_v1_t010__predobstrain
61,0.4149407055927726,30.878,GRU_FCOV,8.937822798468321,0.4149407055927726,0.8483855119311827,-437.04787555738784,5.513965795922205,gpytorch,32.0,0.0,0.001,128.0,0.01,gp_gpytorch_hpo_v1,6.0,gru_l2_seed40_ep50_full_merged_spf0p8_sc20_ss42,gp_gpytorch_hpo_v1_t006,predobstrain,GRU_FCOV_gru_l2_seed40_ep50_full_merged_spf0p8_sc20_ss42__gp_gpytorch_hpo_v1_t006__predobstrain
62,0.4149407055927726,32.534,GRU_FCOV,8.937822798468321,0.4149407055927726,0.8483855119311827,-437.04787555738784,5.513965795922205,gpytorch,64.0,0.0,0.001,128.0,0.01,gp_gpytorch_hpo_v1,4.0,gru_l2_seed40_ep50_full_merged_spf0p8_sc20_ss42,gp_gpytorch_hpo_v1_t004,predobstrain,GRU_FCOV_gru_l2_seed40_ep50_full_merged_spf0p8_sc20_ss42__gp_gpytorch_hpo_v1_t004__predobstrain
63,0.4149407055927726,31.416,GRU_FCOV,8.937822798468321,0.4149407055927726,0.8483855119311827,-437.04787555738784,5.513965795922205,gpytorch,128.0,0.0,0.001,128.0,0.01,gp_gpytorch_hpo_v1,12.0,gru_l2_seed40_ep50_full_merged_spf0p8_sc20_ss42,gp_gpytorch_hpo_v1_t012,predobstrain,GRU_FCOV_gru_l2_seed40_ep50_full_merged_spf0p8_sc20_ss42__gp_gpytorch_hpo_v1_t012__predobstrain
64,13.810965521140208,,,13.810965521140208,0.6530007338600572,0.6379887372800992,,8.95843907791121,,,,,,,,,in52_out16_ep50_bs4096_stat1_seed40_full_merged,smoke_nsecheck,predobstrain,in52_out16_ep50_bs4096_stat1_seed40_full_merged__smoke_nsecheck__predobstrain
65,,,GRU_FCOV,,,,,,,,,,,,,,in52_out16_ep50_bs4096_seed40_full_merged_r1_spf0p8_sc20_ss42,gp_stability_v1_t001,predobstrain,GRU_FCOV_in52_out16_ep50_bs4096_seed40_full_merged_r1_spf0p8_sc20_ss42__gp_stability_v1_t001__predobstrain
66,,,GRU_FCOV,,,,,,,,,,,,,,in52_out16_ep50_bs4096_seed40_full_merged_r1_spf0p8_sc20_ss42,gp_stability_v1_t002,predobstrain,GRU_FCOV_in52_out16_ep50_bs4096_seed40_full_merged_r1_spf0p8_sc20_ss42__gp_stability_v1_t002__predobstrain
67,,,GRU_FCOV,,,,,,,,,,,,,,in52_out16_ep50_bs4096_seed40_full_merged_r1_spf0p8_sc20_ss42,gp_stability_v1_t003,predobstrain,GRU_FCOV_in52_out16_ep50_bs4096_seed40_full_merged_r1_spf0p8_sc20_ss42__gp_stability_v1_t003__predobstrain
68,,,GRU_FCOV,,,,,,,,,,,,,,in52_out16_ep50_bs4096_seed40_full_merged_r1_spf0p8_sc20_ss42,gp_stability_v1_t004,predobstrain,GRU_FCOV_in52_out16_ep50_bs4096_seed40_full_merged_r1_spf0p8_sc20_ss42__gp_stability_v1_t004__predobstrain
69,,,GRU_FCOV,,,,,,,,,,,,,,in52_out16_ep50_bs4096_seed40_full_merged_r1_spf0p8_sc20_ss42,gp_stability_v1_t005,predobstrain,GRU_FCOV_in52_out16_ep50_bs4096_seed40_full_merged_r1_spf0p8_sc20_ss42__gp_stability_v1_t005__predobstrain
70,,,GRU_FCOV,,,,,,,,,,,,,,in52_out16_ep50_bs4096_seed40_full_merged_r1_spf0p8_sc20_ss42,gp_stability_v1_t006,predobstrain,GRU_FCOV_in52_out16_ep50_bs4096_seed40_full_merged_r1_spf0p8_sc20_ss42__gp_stability_v1_t006__predobstrain
71,,,GRU_FCOV,,,,,,,,,,,,,,in52_out16_ep50_bs4096_seed40_full_merged_r1_spf0p8_sc20_ss42,gp_stability_v1_t007,predobstrain,GRU_FCOV_in52_out16_ep50_bs4096_seed40_full_merged_r1_spf0p8_sc20_ss42__gp_stability_v1_t007__predobstrain
72,,,GRU_FCOV,,,,,,,,,,,,,,in52_out16_ep50_bs4096_seed40_full_merged_r1_spf0p8_sc20_ss42,gp_stability_v1_t008,predobstrain,GRU_FCOV_in52_out16_ep50_bs4096_seed40_full_merged_r1_spf0p8_sc20_ss42__gp_stability_v1_t008__predobstrain
73,,,GRU_FCOV,,,,,,,,,,,,,,in52_out16_ep50_bs4096_seed40_full_merged_r1_spf0p8_sc20_ss42,gp_stability_v1_t009,predobstrain,GRU_FCOV_in52_out16_ep50_bs4096_seed40_full_merged_r1_spf0p8_sc20_ss42__gp_stability_v1_t009__predobstrain
74,,,TFT,,,,,,,,,,,,,,in52_out16_ep50_bs4096_stat1_seed40_full_merged,gp_pytorch_matern32,predobstrain,TFT_in52_out16_ep50_bs4096_stat1_seed40_full_merged__gp_pytorch_matern32__predobstrain
